id,ip,topic
0x12,128.0.0.1,t1
0x12,128.0.0.2,t1
0x12,128.0.0.3,t1
0x12,128.0.0.4,t1
0x12,128.0.0.5,t1
0x12,128.0.0.6,t1
0x12,128.0.0.7,t1
0x12,128.0.0.8,t1
0x12,128.0.0.1,t1
0x12,128.0.0.1,t1
0x12,128.0.0.1,t1
0x12,128.0.0.1,t1
0x12,128.0.0.1,t1
0x12,128.0.0.1,t1
0x12,128.0.0.1,t1
0x12,128.0.0.1,t1
0x12,128.0.0.1,t1
0x12,128.0.0.1,t1
0x12,128.0.0.1,t1
0x12,128.0.0.1,t1
0x12,128.0.0.1,t1
0x12,128.0.0.1,t1
0x12,128.0.0.1,t1
0x12,128.0.0.1,t1
0x12,128.0.0.1,t1
0x12,128.0.0.1,t1
0x12,128.0.0.1,t1
0x12,128.0.0.1,t1
0x12,128.0.0.1,t1
0x12,128.0.0.1,t1
0x12,128.0.0.1,t1
0x12,128.0.0.1,t1
0x12,128.0.0.1,t1
0.13,192.168.0.5,t2
0.13,192.168.0.5,t2
0.13,192.168.0.5,t2
0.13,192.168.0.5,t2
0.13,192.168.0.5,t2
0.13,192.168.0.5,t2
0.13,192.168.0.5,t2
0.13,192.168.0.5,t2
0.13,192.168.0.5,t2
0.13,192.168.0.5,t2
0.13,192.168.0.5,t2
0.13,192.168.0.5,t2
0.13,192.168.0.5,t2
0.13,192.168.0.5,t2
0.13,192.168.0.5,t2
0.13,192.168.0.5,t2
0.13,192.168.0.5,t2
0.13,192.168.0.5,t2
0.13,192.168.0.5,t2
0.13,192.168.0.5,t2
0.13,192.168.0.5,t2
0.13,192.168.0.5,t2
0.13,192.168.0.5,t2
0.13,192.168.0.5,t2
0.13,192.168.0.5,t2
0.13,192.168.0.5,t2
0.13,192.168.0.5,t2
0.13,192.168.0.5,t2
0.13,192.168.0.5,t2
0.13,192.168.0.5,t2
0.13,192.168.0.5,t2
0.13,192.168.0.5,t2
0.13,192.168.0.5,t2
0.13,192.168.0.5,t2
0.13,192.168.0.5,t2
0.13,192.168.0.5,t2
0.13,192.168.0.5,t2
0.13,192.168.0.5,t2
0.13,192.168.0.5,t2
0.13,192.168.0.5,t2
0.13,192.168.0.5,t2
0.13,192.168.0.5,t2
0.13,192.168.0.5,t2
0.13,192.168.0.5,t2
0.13,192.168.0.5,t2
0.13,192.168.0.5,t2
0.13,192.168.0.5,t2
0.13,192.168.0.5,t2
0.13,192.168.0.5,t2
0.13,192.168.0.5,t2
0.13,192.168.0.5,t2
0.13,192.168.0.5,t2
0.13,192.168.0.5,t2
0.13,192.168.0.5,t2
0.13,192.168.0.5,t2
0.13,192.168.0.5,t2
0.13,192.168.0.5,t2
0.13,192.168.0.5,t2
0.13,192.168.0.5,t2
0.13,192.168.0.5,t2
0.13,192.168.0.5,t2
0.13,192.168.0.5,t2
0.13,192.168.0.5,t2
0.13,192.168.0.5,t2
0.13,192.168.0.5,t2
0.13,192.168.0.5,t2
0.13,192.168.0.5,t2
0.13,192.168.0.5,t2
0.13,192.168.0.5,t2
0.13,192.168.0.5,t2
0.13,192.168.0.5,t2
0.13,192.168.0.5,t2
0.13,192.168.0.5,t2
0.13,192.168.0.5,t2
0.13,192.168.0.5,t2
0.13,192.168.0.5,t2
0.13,10.10.10.5,t2
0.13,10.10.10.5,t2
0.13,10.10.10.5,t2
0.13,10.10.10.5,t2
0.13,10.10.10.5,t2
0.13,10.10.10.5,t2
0.13,10.10.10.5,t2
0.13,10.10.10.5,t2
0.13,10.10.10.5,t2
0.13,10.10.10.5,t2
0.13,10.10.10.5,t2
0.13,10.10.10.5,t2
0.13,10.10.10.5,t2
0.13,10.10.10.5,t2
0.13,10.10.10.5,t2
0.13,10.10.10.5,t2
0.13,10.10.10.5,t2
0.13,10.10.10.5,t2
0.13,10.10.10.5,t2
0.13,10.10.10.5,t2
0.13,10.10.10.5,t2
0.13,10.10.10.5,t2
0.13,10.10.10.5,t2
0.13,10.10.10.5,t2
0.13,10.10.10.5,t2
0.13,10.10.10.5,t2
0.13,10.10.10.5,t2
0.13,10.10.10.5,t2
0.13,10.10.10.5,t2
0.13,10.10.10.5,t2
0.13,10.10.10.5,t2
0.13,10.10.10.5,t2
0.13,10.10.10.5,t2
0.13,10.10.10.5,t2
0.13,10.10.10.5,t2
0.13,10.10.10.5,t2
0.13,10.10.10.5,t2
0.13,10.10.10.5,t2
0.13,10.10.10.5,t2
0.13,10.10.10.5,t2
0.13,10.10.10.5,t2
0.13,10.10.10.5,t2
0.13,10.10.10.5,t2
0.13,10.10.10.5,t2
0.13,10.10.10.5,t2
0.13,10.10.10.5,t2
0.13,10.10.10.5,t2
0.13,10.10.10.5,t2
0.13,10.10.10.5,t2
0.13,10.10.10.5,t2
0.13,10.10.10.5,t2
0.13,10.10.10.5,t2
0.13,10.10.10.5,t2
0.13,10.10.10.5,t2
0.13,10.10.10.5,t2
0.13,10.10.10.5,t2
0.13,10.10.10.5,t2
0.13,10.10.10.5,t2
0.13,10.10.10.5,t2
0.13,10.10.10.5,t2
0.13,10.10.10.5,t2
0.13,10.10.10.5,t2
0.13,10.10.10.5,t2
0.13,10.10.10.5,t2
0.13,10.10.10.5,t2
0.13,10.10.10.5,t2
0.13,10.10.10.5,t2
0.13,10.10.10.5,t2
0.13,10.10.10.5,t2
0.13,10.10.10.5,t2
0.13,10.10.10.5,t2
0.13,10.10.10.5,t2
0.13,10.10.10.5,t2
0.13,10.10.10.5,t2
0.13,10.10.10.5,t2
0.13,10.10.10.5,t2
0.13,10.10.10.5,t2
0.13,10.10.10.5,t2
0.13,10.10.10.5,t2
0.13,10.10.10.5,t2
0.13,10.10.10.5,t2
0.13,10.10.10.5,t2
0.13,10.10.10.5,t2
0.13,10.10.10.5,t2
0.13,10.10.10.5,t2
0.13,10.10.10.5,t2
0.13,10.10.10.5,t2
0.13,10.10.10.5,t2
0.13,10.10.10.5,t2
0.13,10.10.10.5,t2
0.13,10.10.10.5,t2
0.13,10.10.10.5,t2
0.13,10.10.10.5,t2
0.13,10.10.10.5,t2
0.13,10.10.10.5,t2
0.13,10.10.10.5,t2
0.13,10.10.10.5,t2
0.13,10.10.10.5,t2
0.13,10.10.10.5,t2
