time,id,ip,topic,attack
709,00000000000000000000,0.0.0.0,t100,1
982,11111111111111111111,85.85.85.85,t101,1
1131,22222222222222222222,170.170.170.170,t102,1
1489,33333333333333333333,0.0.0.0,t103,1
1749,44444444444444444444,85.85.85.85,t104,1
1860,88192834755155667035237963864649275649082954183574947218999456574029650421027,85.114.128.44,t1,0
2222,56359602860688603137113700651888479119773227978022020626620180964444218427561,223.65.202.110,t1,0
2515,77777777777777777777,85.85.85.85,t107,1
2869,114277258859603556510297626363559645931710858723276512971383766487037441870975,50.60.243.12,t6,0
2953,99999999999999999999,0.0.0.0,t109,1
3304,00000000000000000000,85.85.85.85,t110,1
3469,11111111111111111111,170.170.170.170,t111,1
4174,22222222222222222222,0.0.0.0,t112,1
4656,33333333333333333333,85.85.85.85,t113,1
4800,44444444444444444444,170.170.170.170,t114,1
5256,22677216096247778836728979338655133960620343567502660295225986539618485437814,62.182.81.214,t1,0
6003,66666666666666666666,85.85.85.85,t116,1
6834,77777777777777777777,170.170.170.170,t117,1
7996,88888888888888888888,0.0.0.0,t118,1
8181,99999999999999999999,85.85.85.85,t119,1
8836,00000000000000000000,170.170.170.170,t120,1
9318,41039802931764171854762974282819087272807661537391396922020850307020669104267,54.238.197.67,t2,0
9981,22222222222222222222,85.85.85.85,t122,1
10301,33333333333333333333,170.170.170.170,t123,1
10354,44444444444444444444,0.0.0.0,t124,1
10470,66884574491892911187832994411679762571690220619530151954430215160159003900669,86.122.49.78,t3,0
10639,66666666666666666666,170.170.170.170,t126,1
11414,103424084703346068188106894272652123274347574020677791967654308188866089976866,162.234.255.206,t2,0
11860,88888888888888888888,85.85.85.85,t128,1
12184,99999999999999999999,170.170.170.170,t129,1
13186,00000000000000000000,0.0.0.0,t130,1
13337,11111111111111111111,85.85.85.85,t131,1
14154,22222222222222222222,170.170.170.170,t132,1
14552,33333333333333333333,0.0.0.0,t133,1
14559,44444444444444444444,85.85.85.85,t134,1
14813,63438181789641984905514855783274102365310331030060527159694350247026023152114,185.247.118.38,t1,0
15195,66666666666666666666,0.0.0.0,t136,1
15322,13938417849253654017262839020205129181182286345618629519293065523830084943701,175.125.95.13,t2,0
16066,88888888888888888888,170.170.170.170,t138,1
16067,99999999999999999999,0.0.0.0,t139,1
16407,00000000000000000000,85.85.85.85,t140,1
16425,39782536508285231554046088751121755693340347175289116789283768040384341111108,15.237.149.54,t1,0
16705,215517416818124762527251900156808820178896666040276849459571787810854925616,139.198.190.246,t7,0
17098,110971227581918879560809104427391110332695860824783612432401750665160304758035,94.16.110.54,t1,0
17418,44444444444444444444,170.170.170.170,t144,1
17524,55555555555555555555,0.0.0.0,t145,1
17943,66666666666666666666,85.85.85.85,t146,1
18079,77777777777777777777,170.170.170.170,t147,1
19142,74076887219560528235851302909280422935857633318658152857321998031001123111619,95.217.144.143,t1,0
19793,99999999999999999999,85.85.85.85,t149,1
20090,00000000000000000000,170.170.170.170,t150,1
20132,11111111111111111111,0.0.0.0,t151,1
20325,22222222222222222222,85.85.85.85,t152,1
20680,33333333333333333333,170.170.170.170,t153,1
20768,91809183640334179196531190244125372640838928684463980236325981873627193864575,185.142.32.142,t6,0
20883,104882688782498432218533418650005039383088672830216028918961030402778857147082,195.90.210.9,t13,0
21684,97471537874730741040416964453649246964300207451147386294150504684312730356383,144.121.220.80,t3,0
22030,77777777777777777777,0.0.0.0,t157,1
22427,88888888888888888888,85.85.85.85,t158,1
22910,94644995271083740433604662511230233645951218822480845678165043345022025316274,135.181.184.27,t1,0
23269,00000000000000000000,0.0.0.0,t160,1
23688,52261300426510638855097667552795966180350854571253930713670703107614168038502,185.203.56.37,t3,0
24612,40126254589494684930708842886078985971725004805797258757503634544821954948318,159.69.114.238,t15,0
24929,33333333333333333333,0.0.0.0,t163,1
25223,44444444444444444444,85.85.85.85,t164,1
25498,104470729356670084355065781201298855408432382354512435338762050701398298453975,124.236.25.51,t4,0
25677,66666666666666666666,0.0.0.0,t166,1
25984,9807433061651013044211612875175085592815414480945804526242988660222686006727,116.206.185.224,t1,0
26105,88888888888888888888,170.170.170.170,t168,1
26210,99999999999999999999,0.0.0.0,t169,1
26314,00000000000000000000,85.85.85.85,t170,1
26327,57784319703994620906256927298923513159605344576976409434134326946251519853190,49.12.78.165,t1,0
26788,22222222222222222222,0.0.0.0,t172,1
27112,33333333333333333333,85.85.85.85,t173,1
27159,44444444444444444444,170.170.170.170,t174,1
27396,33113218001601560350352281170992501518660278992476286161869274598594020505513,95.82.155.36,t1,0
27867,66666666666666666666,85.85.85.85,t176,1
29152,77777777777777777777,170.170.170.170,t177,1
29489,38154234287884242817840757281718083026306911021585933747305275048658849234561,46.109.18.157,t1,0
30076,99999999999999999999,85.85.85.85,t179,1
31358,00000000000000000000,170.170.170.170,t180,1
31747,11111111111111111111,0.0.0.0,t181,1
31774,49711080604684612783063646795782813851784455590204709657465496811801315837708,171.223.202.109,t1,0
31995,33333333333333333333,170.170.170.170,t183,1
32157,44444444444444444444,0.0.0.0,t184,1
32991,55555555555555555555,85.85.85.85,t185,1
32996,66413223242263436972866574914448296909787901593715044953174838636464389514085,178.254.157.142,t1,0
33938,77777777777777777777,0.0.0.0,t187,1
34384,88888888888888888888,85.85.85.85,t188,1
35250,50338216004596426452793049266686715965220252930080154726418710982065654950350,54.36.172.154,t1,0
35879,00000000000000000000,0.0.0.0,t190,1
36117,36409675292103327923952551603419707230711523127740504665726822107817506931373,18.163.103.220,t1,0
36179,22222222222222222222,170.170.170.170,t192,1
37196,69293183545802101560681658973975886511053469133837684202978087790512158661744,75.100.9.13,t1,0
38973,44444444444444444444,85.85.85.85,t194,1
39684,53025814984615180628000357445227552217781456263545359312223157566236290986491,34.207.153.195,t1,0
39761,66666666666666666666,0.0.0.0,t196,1
39770,114372137437363133119720496509537304750116549853731681293217685266305724389957,37.24.38.254,t1,0
40235,88888888888888888888,170.170.170.170,t198,1
40437,60623305913771982443706072104141955496293617179254350149725461904202992776402,24.212.145.177,t2,0
40733,00000000000000000000,85.85.85.85,t200,1
40872,11111111111111111111,170.170.170.170,t201,1
41529,22222222222222222222,0.0.0.0,t202,1
41592,33333333333333333333,85.85.85.85,t203,1
41716,44444444444444444444,170.170.170.170,t204,1
42301,62634207070798680593818495071159429539342594361074687673893799398694294784847,199.231.166.98,t1,0
42507,66666666666666666666,85.85.85.85,t206,1
42706,64320382494040078542836855151532311125565219185993248828124232493700192827954,159.69.69.206,t1,0
42812,38259860878032454858973653255294693780921311336106432985626477226279133899955,18.163.115.67,t1,0
42970,60243685132945032050989732852409605853107655756098955334731809285477942817932,47.242.44.46,t1,0
43354,00000000000000000000,170.170.170.170,t210,1
43377,11111111111111111111,0.0.0.0,t211,1
43803,22222222222222222222,85.85.85.85,t212,1
44166,9012905001052496520022344549634345125053669520605222453350620975051106488324,95.111.246.83,t2,0
44930,84781565851034232306879865179060797789000955281748699421572293246227619866760,135.181.117.35,t1,0
45007,55555555555555555555,85.85.85.85,t215,1
45021,66666666666666666666,170.170.170.170,t216,1
45525,77777777777777777777,0.0.0.0,t217,1
45991,88888888888888888888,85.85.85.85,t218,1
46072,86050141691825196795984206450275693558664351002298562479136588826639244699822,188.40.32.246,t8,0
46420,00000000000000000000,0.0.0.0,t220,1
46568,83785668676773715986586655725429489478212554996793222287946359995231052436560,161.97.135.97,t2,0
46651,22222222222222222222,170.170.170.170,t222,1
46670,33333333333333333333,0.0.0.0,t223,1
46680,44444444444444444444,85.85.85.85,t224,1
48303,55555555555555555555,170.170.170.170,t225,1
48405,66666666666666666666,0.0.0.0,t226,1
48471,77777777777777777777,85.85.85.85,t227,1
48590,88888888888888888888,170.170.170.170,t228,1
49396,99999999999999999999,0.0.0.0,t229,1
50506,76648799930398209271631483216841632308567949067382747553189674069139475920822,54.165.251.6,t1,0
50529,106884457573414513165284681834896412705818409390302682015202071172331296279739,108.48.26.5,t1,0
50778,22222222222222222222,0.0.0.0,t232,1
50832,33333333333333333333,85.85.85.85,t233,1
50982,44444444444444444444,170.170.170.170,t234,1
51083,107470266416050816655370078301799630990303723875437117407378745328187194261187,135.181.136.250,t1,0
51107,66666666666666666666,85.85.85.85,t236,1
51323,77777777777777777777,170.170.170.170,t237,1
51422,88888888888888888888,0.0.0.0,t238,1
51772,99999999999999999999,85.85.85.85,t239,1
51792,00000000000000000000,170.170.170.170,t240,1
51846,11111111111111111111,0.0.0.0,t241,1
52125,52894030318186997273435187501765577214006514416671065160382877058539852125667,62.36.30.20,t6,0
52347,58886415424428429499690289588598957529013628085173064756845177618781701203036,71.58.39.109,t1,0
52791,108633243422077054146534384393603148655711242011540535498902032259359576842190,136.144.249.178,t1,0
54067,55555555555555555555,85.85.85.85,t245,1
54106,105237491809168846598861145790992475218339973703782060627637835556154250839461,167.99.79.40,t1,0
54978,77777777777777777777,0.0.0.0,t247,1
55071,88888888888888888888,85.85.85.85,t248,1
55629,99999999999999999999,170.170.170.170,t249,1
56613,2585297641972916802558670204075276260468770702508607789045872534384795941407,40.91.195.155,t1,0
56673,38265449473051643553740814191512571996059646649821822281079654604096421431706,144.168.47.90,t1,0
57328,22222222222222222222,170.170.170.170,t252,1
57801,75005732829100055548764375188566597755786402346791678761641181678902234412681,23.101.235.27,t1,0
58220,73475118847910753145288515648619511052724489166978393442527800680495851893844,54.39.226.181,t13,0
58262,55555555555555555555,170.170.170.170,t255,1
58508,41838149151644740793388344119222341806112211915114243322167601186210089702309,54.90.144.1,t1,0
58716,77777777777777777777,85.85.85.85,t257,1
58812,88888888888888888888,170.170.170.170,t258,1
59092,67084346939713324988744742859419632118968326312613823771974149332406835766975,13.125.194.141,t1,0
59131,00000000000000000000,85.85.85.85,t260,1
59552,11111111111111111111,170.170.170.170,t261,1
59620,19528228835140913410092540248216949965658592120719881748396242646378958914350,54.74.141.234,t3,0
59907,33333333333333333333,85.85.85.85,t263,1
59993,53807045237451573294264929860010900905023633406448608724222300603745671061774,34.241.63.236,t1,0
60128,55555555555555555555,0.0.0.0,t265,1
60272,66666666666666666666,85.85.85.85,t266,1
60683,77777777777777777777,170.170.170.170,t267,1
60690,88888888888888888888,0.0.0.0,t268,1
61366,99999999999999999999,85.85.85.85,t269,1
61571,00000000000000000000,170.170.170.170,t270,1
61594,11111111111111111111,0.0.0.0,t271,1
61759,22222222222222222222,85.85.85.85,t272,1
61811,50405542336167337969389708037844452806450937075252901564472309845527044032059,86.109.65.84,t1,0
61897,44444444444444444444,0.0.0.0,t274,1
62114,55555555555555555555,85.85.85.85,t275,1
62283,66666666666666666666,170.170.170.170,t276,1
62506,77777777777777777777,0.0.0.0,t277,1
63974,88888888888888888888,85.85.85.85,t278,1
64476,99999999999999999999,170.170.170.170,t279,1
64871,98450730806221338630316374996614587520925761428010898593799511415141617997027,157.131.140.113,t1,0
64961,11111111111111111111,85.85.85.85,t281,1
65207,22222222222222222222,170.170.170.170,t282,1
65474,33333333333333333333,0.0.0.0,t283,1
66000,44444444444444444444,85.85.85.85,t284,1
66001,55555555555555555555,170.170.170.170,t285,1
66108,66666666666666666666,0.0.0.0,t286,1
66129,61127931322354131044961471587108568892086875430930221279996451797487981827477,178.154.225.248,t1,0
66311,88888888888888888888,170.170.170.170,t288,1
66402,69665803229024611126353058820832503603434909104942864442991625358139275204940,172.96.165.50,t7,0
66819,00000000000000000000,85.85.85.85,t290,1
66878,59200332924972657750714640640187474495803410357662567288940942481609462726477,157.90.89.114,t2,0
67718,6329113615918215411878212671429469152800165357675079555885113585723753487196,47.41.199.26,t1,0
67860,33333333333333333333,85.85.85.85,t293,1
68117,44444444444444444444,170.170.170.170,t294,1
68253,4443556017094005780648923315068362824672016809505321336258848063451336428063,135.181.137.34,t1,0
68722,66666666666666666666,85.85.85.85,t296,1
68795,81389049126680364307684227096917229079264051394445311698270513278922496773993,46.4.61.113,t2,0
68843,67960929274435924017411291966474347970976399625062910318202325295557829632897,195.201.168.56,t2,0
69265,99999999999999999999,85.85.85.85,t299,1
69415,00000000000000000000,170.170.170.170,t300,1
69432,90345426687066810482187759822850653525297326278648625418829925306760654913080,185.65.135.254,t1,0
69501,22222222222222222222,85.85.85.85,t302,1
69835,33333333333333333333,170.170.170.170,t303,1
70182,85748955031996415308348148357783442900428308009510825243433437978212755911953,178.175.136.162,t1,0
70247,55555555555555555555,85.85.85.85,t305,1
71324,66666666666666666666,170.170.170.170,t306,1
71590,41391102856769364244876158751850023790907858215026149175715559146124901049049,173.212.220.23,t6,0
71665,88888888888888888888,85.85.85.85,t308,1
71964,34637204957931882684240249655722042677294878225817256599720263245727896778219,101.100.169.72,t1,0
71979,00000000000000000000,0.0.0.0,t310,1
73019,11111111111111111111,85.85.85.85,t311,1
73620,47464775715344343842085149177292787914847591979171575651140285407460552835795,34.80.249.164,t3,0
73828,86164046969673156541095736635357250390752789601513317201574419203795119176283,188.127.250.11,t1,0
73856,44444444444444444444,85.85.85.85,t314,1
74357,55555555555555555555,170.170.170.170,t315,1
74401,66666666666666666666,0.0.0.0,t316,1
75047,77777777777777777777,85.85.85.85,t317,1
77212,88888888888888888888,170.170.170.170,t318,1
77469,99999999999999999999,0.0.0.0,t319,1
78036,00000000000000000000,85.85.85.85,t320,1
78226,11111111111111111111,170.170.170.170,t321,1
78346,22222222222222222222,0.0.0.0,t322,1
78978,33333333333333333333,85.85.85.85,t323,1
78979,44444444444444444444,170.170.170.170,t324,1
79844,55555555555555555555,0.0.0.0,t325,1
80220,66666666666666666666,85.85.85.85,t326,1
80271,77777777777777777777,170.170.170.170,t327,1
80335,88888888888888888888,0.0.0.0,t328,1
80859,99999999999999999999,85.85.85.85,t329,1
81282,2428439425226051527748104975910956357014308562014452069385688037341359929438,104.248.81.165,t1,0
81610,34608072214003181233341899432890186009233459218285379587230864597659434980705,51.79.176.223,t2,0
81893,22222222222222222222,85.85.85.85,t332,1
81946,33333333333333333333,170.170.170.170,t333,1
82908,44444444444444444444,0.0.0.0,t334,1
83160,55555555555555555555,85.85.85.85,t335,1
83203,66666666666666666666,170.170.170.170,t336,1
83363,77777777777777777777,0.0.0.0,t337,1
83665,88888888888888888888,85.85.85.85,t338,1
84451,99999999999999999999,170.170.170.170,t339,1
85439,00000000000000000000,0.0.0.0,t340,1
85450,79596135357497837885301254396141855082920957843829470010543936622018617335630,188.40.83.237,t1,0
85510,22222222222222222222,170.170.170.170,t342,1
86036,33333333333333333333,0.0.0.0,t343,1
86186,15925024424108122884882830571660400617560168109795386385720458296673420512698,66.85.133.160,t13,0
86250,55555555555555555555,170.170.170.170,t345,1
86413,66666666666666666666,0.0.0.0,t346,1
86422,77777777777777777777,85.85.85.85,t347,1
86443,88888888888888888888,170.170.170.170,t348,1
87014,99999999999999999999,0.0.0.0,t349,1
87423,00000000000000000000,85.85.85.85,t350,1
88241,56391618284046562794677292329556388077921901019985256214951101404168954410352,136.49.38.198,t1,0
88887,22222222222222222222,0.0.0.0,t352,1
90090,33333333333333333333,85.85.85.85,t353,1
90111,44444444444444444444,170.170.170.170,t354,1
90803,55555555555555555555,0.0.0.0,t355,1
91029,14760507927324499222520430789977922691154979368342439798598027369676240684014,147.135.76.217,t1,0
91407,77777777777777777777,170.170.170.170,t357,1
92030,88888888888888888888,0.0.0.0,t358,1
92094,67680343025298484983318271270144890990036397695373810904307057378975540937184,176.9.32.51,t4,0
93116,21005739315255304601493443037507781338365192774424865641641106200731148964140,193.26.159.248,t2,0
93195,11111111111111111111,0.0.0.0,t361,1
93581,22222222222222222222,85.85.85.85,t362,1
93582,4806888123472519606431799540813058903187668454016435186273321150030492083318,81.141.205.127,t1,0
93698,44444444444444444444,0.0.0.0,t364,1
93702,55555555555555555555,85.85.85.85,t365,1
93784,66666666666666666666,170.170.170.170,t366,1
93987,77777777777777777777,0.0.0.0,t367,1
94466,94369074702090487094584127576281088726767201355313496125110572560412521628323,94.130.238.11,t1,0
94766,99999999999999999999,170.170.170.170,t369,1
94973,00000000000000000000,0.0.0.0,t370,1
95457,11111111111111111111,85.85.85.85,t371,1
95478,22222222222222222222,170.170.170.170,t372,1
95568,33333333333333333333,0.0.0.0,t373,1
95734,3074373926146510229691129716317741824666469437806458410451183436645001235935,185.243.216.35,t1,0
96076,30615354344281702234333038071113676212392681634325417680375153327546079529942,135.181.49.195,t3,0
96578,34307172153596845020534951634393466304213241109971059736533320179649245664013,66.42.127.67,t1,0
97373,33760032908731775715069278757461166073564410219536530612774253490456357931520,18.204.40.75,t1,0
97574,88888888888888888888,170.170.170.170,t378,1
97720,78628488237294917547001862105854114354546896281493145617996559025154661091273,172.106.112.182,t1,0
97899,00000000000000000000,85.85.85.85,t380,1
97924,11111111111111111111,170.170.170.170,t381,1
97995,66575943959587464420422632664332644437519881471238351636397386594698669445609,104.209.239.73,t11,0
98023,33333333333333333333,85.85.85.85,t383,1
98059,44444444444444444444,170.170.170.170,t384,1
98318,55555555555555555555,0.0.0.0,t385,1
98517,66666666666666666666,85.85.85.85,t386,1
98735,65999030175106635907132854309873923892877770611942469672231060091272375135345,46.173.211.192,t6,0
98784,88888888888888888888,0.0.0.0,t388,1
98840,15898841612417448376170032969171518459912656198085108088096934468344316942891,37.24.95.197,t1,0
99482,1970282878928149658571734585833718466392427518127807417431622961130543830576,162.239.57.201,t1,0
99981,11111111111111111111,0.0.0.0,t391,1
101320,20273575591834366869053813997943906525657327355039512349263493278443822388111,93.195.90.68,t2,0
101741,114917630504133773221518093773607641069715755610404513846872638024946920800210,47.13.133.79,t1,0
101851,44444444444444444444,0.0.0.0,t394,1
102393,82604519655456084492270538274867933765719482946853486151249019907688846302190,65.21.53.130,t1,0
102452,66666666666666666666,170.170.170.170,t396,1
102632,77777777777777777777,0.0.0.0,t397,1
102949,55295979344901702107693979657390230351444379760260271153952198449807770299882,144.91.118.64,t1,0
103295,99999999999999999999,170.170.170.170,t399,1
104556,00000000000000000000,0.0.0.0,t400,1
105049,11111111111111111111,85.85.85.85,t401,1
105197,103401585987858108364802797390632718713222711496522606234691700518677910526347,73.162.176.32,t1,0
105284,33333333333333333333,0.0.0.0,t403,1
105794,44444444444444444444,85.85.85.85,t404,1
105828,55555555555555555555,170.170.170.170,t405,1
105872,66666666666666666666,0.0.0.0,t406,1
106565,77777777777777777777,85.85.85.85,t407,1
106596,88888888888888888888,170.170.170.170,t408,1
106600,99999999999999999999,0.0.0.0,t409,1
106851,00000000000000000000,85.85.85.85,t410,1
107217,11111111111111111111,170.170.170.170,t411,1
107514,22222222222222222222,0.0.0.0,t412,1
107849,33333333333333333333,85.85.85.85,t413,1
108289,44444444444444444444,170.170.170.170,t414,1
108858,55555555555555555555,0.0.0.0,t415,1
108869,66194912961150367059129420371507288478365657897489573318393777604536270845237,3.239.94.222,t1,0
109133,77777777777777777777,170.170.170.170,t417,1
109328,80447750530321123404802399169323843385331038072184004113255246219144133133293,13.209.163.129,t1,0
109630,74229021607041597832061424985178830238993536103935840089548563010655681976853,54.92.36.2,t1,0
111132,56722486578365636015372866093502682618896667584618960623391395201420503396222,115.188.156.19,t2,0
111364,11111111111111111111,0.0.0.0,t421,1
111586,22222222222222222222,85.85.85.85,t422,1
111619,33333333333333333333,170.170.170.170,t423,1
111696,23802405932733659375713220895300394382120596430846148234581904251910380532292,135.181.4.229,t1,0
112615,55555555555555555555,85.85.85.85,t425,1
112906,19608056467820998936052565746933813319449266237701989668986207185816123476734,161.97.138.192,t2,0
113507,72652020244125492069457156158293772022514541690718776042992098816391845201804,47.57.243.102,t2,0
113781,88888888888888888888,85.85.85.85,t428,1
113844,99999999999999999999,170.170.170.170,t429,1
114098,00000000000000000000,0.0.0.0,t430,1
114214,11111111111111111111,85.85.85.85,t431,1
114236,22222222222222222222,170.170.170.170,t432,1
114637,10132161471709201845614767788310544255541858129371284152819823759015391157678,195.201.163.150,t2,0
114880,108009601666742038298913793522870214622773634353576709898738436344738498522164,82.136.69.11,t3,0
115039,54733903521431531894093480854840863757202160332316976829290152862723620436225,90.82.204.43,t1,0
115259,103019236654666532740577190354247147627459265353663006384032007623287312183221,209.126.9.216,t1,0
115714,77777777777777777777,85.85.85.85,t437,1
115734,62846129454087849099451504651612206801100461641768473351470616727617288083700,168.119.137.115,t12,0
115898,91443131311172278007483049843060145183831757847202952491463400696947566619782,158.140.135.239,t1,0
116109,00000000000000000000,85.85.85.85,t440,1
118146,11111111111111111111,170.170.170.170,t441,1
118226,22222222222222222222,0.0.0.0,t442,1
118487,33333333333333333333,85.85.85.85,t443,1
119056,44444444444444444444,170.170.170.170,t444,1
120107,55555555555555555555,0.0.0.0,t445,1
120380,64111585690358402773635696298987934045690958583474916594069648494536565528847,174.54.224.227,t2,0
120449,77777777777777777777,170.170.170.170,t447,1
120643,88888888888888888888,0.0.0.0,t448,1
120988,99999999999999999999,85.85.85.85,t449,1
121334,00000000000000000000,170.170.170.170,t450,1
121888,11111111111111111111,0.0.0.0,t451,1
122001,22222222222222222222,85.85.85.85,t452,1
122471,33333333333333333333,170.170.170.170,t453,1
122595,44444444444444444444,0.0.0.0,t454,1
122803,55555555555555555555,85.85.85.85,t455,1
122870,110635336032802930524560204324050637782489461104550131531256052452520659311115,161.35.231.210,t20,0
124445,77777777777777777777,0.0.0.0,t457,1
125162,16896866898565672675384838226496305621293627155307019737183740833783892951411,116.202.0.237,t1,0
125198,19512071313516249139687443622140429507624558051761160917041568752566879038806,218.214.101.69,t1,0
125297,00000000000000000000,0.0.0.0,t460,1
125359,846965978782664028679312175449100965759666944747450669122750228670664746659,62.171.190.159,t1,0
125446,22222222222222222222,170.170.170.170,t462,1
126370,33333333333333333333,0.0.0.0,t463,1
126807,44444444444444444444,85.85.85.85,t464,1
126892,105171120728895054243946797993163267964066498219369059686287568942257503889026,168.119.90.22,t1,0
127440,66666666666666666666,0.0.0.0,t466,1
127474,77777777777777777777,85.85.85.85,t467,1
127519,88888888888888888888,170.170.170.170,t468,1
128534,99999999999999999999,0.0.0.0,t469,1
128538,109668611777594496240764525887325630553130977238086555030150153597649764336966,173.212.249.242,t1,0
128555,11111111111111111111,170.170.170.170,t471,1
128575,22222222222222222222,0.0.0.0,t472,1
128583,33333333333333333333,85.85.85.85,t473,1
128793,102016249401695587124303995920019698772540522222120854429796423463251005533960,79.108.166.129,t76,0
129194,10326802036156997982417382641519018617905882714625927930627591384902904249977,68.80.147.110,t2,0
129369,11089864011524058893190146547179934650619641075095590848079080352106624932223,193.42.110.30,t1,0
129512,77777777777777777777,170.170.170.170,t477,1
129530,62810152608919764610068418159011961071111003614939521334393372397855927716263,161.97.164.197,t2,0
130045,99999999999999999999,85.85.85.85,t479,1
130397,00000000000000000000,170.170.170.170,t480,1
131554,11111111111111111111,0.0.0.0,t481,1
131903,22222222222222222222,85.85.85.85,t482,1
132329,33333333333333333333,170.170.170.170,t483,1
132897,44444444444444444444,0.0.0.0,t484,1
132991,11531666562512185016546723939116272492604540182593551779329225447751042560097,121.40.164.112,t5,0
133714,66666666666666666666,170.170.170.170,t486,1
134409,26339029107627933575369184770570783863054011167899446797202243798326778429473,202.235.254.204,t1,0
135784,15811103573775961286318753254661998547547843074438919291100898197748195685220,51.68.155.184,t1,0
136044,99999999999999999999,170.170.170.170,t489,1
136160,00000000000000000000,0.0.0.0,t490,1
136543,11111111111111111111,85.85.85.85,t491,1
137000,22222222222222222222,170.170.170.170,t492,1
137873,33333333333333333333,0.0.0.0,t493,1
138146,59679091694843933826933042782414088128836000480828925612931932402336089831063,161.97.133.107,t50,0
138202,55555555555555555555,170.170.170.170,t495,1
138448,66666666666666666666,0.0.0.0,t496,1
138890,77777777777777777777,85.85.85.85,t497,1
139711,25170284830846301024217795332897546767319956894937470533143585938477725347313,161.97.177.60,t3,0
139842,99999999999999999999,0.0.0.0,t499,1
140377,00000000000000000000,85.85.85.85,t500,1
140378,11111111111111111111,170.170.170.170,t501,1
140478,22222222222222222222,0.0.0.0,t502,1
140832,33333333333333333333,85.85.85.85,t503,1
140978,44444444444444444444,170.170.170.170,t504,1
141012,55555555555555555555,0.0.0.0,t505,1
141311,81384027945249522260582716847571254977907972288057123385363686618925117053640,114.77.178.159,t5,0
141995,77777777777777777777,170.170.170.170,t507,1
142175,88888888888888888888,0.0.0.0,t508,1
142437,99999999999999999999,85.85.85.85,t509,1
143268,00000000000000000000,170.170.170.170,t510,1
143300,11111111111111111111,0.0.0.0,t511,1
143812,22222222222222222222,85.85.85.85,t512,1
143880,33333333333333333333,170.170.170.170,t513,1
144050,44444444444444444444,0.0.0.0,t514,1
144175,61651144458655715977833570903621138047195559167640964947799760976959792418910,199.58.97.156,t3,0
144232,104992754083585167697349914550109082626550297257763667505617756854837625266630,121.43.129.9,t1,0
144269,39209611083026746143086656478820909133486540750656427472597053062016729402049,62.171.128.207,t9,0
144810,4621391852820493138689456382840231041839589908206888948089761157139738282432,18.209.209.23,t2,0
144935,99999999999999999999,170.170.170.170,t519,1
145487,75563902369160346612435969994448867539790760380607242911121935492637310092019,71.212.134.54,t1,0
145930,11111111111111111111,85.85.85.85,t521,1
146490,22222222222222222222,170.170.170.170,t522,1
146572,33333333333333333333,0.0.0.0,t523,1
146750,70857464020341384898524002162894464038049152079871104518548904838872143969456,75.119.136.53,t2,0
147279,56586686816201487082470841427160930987699297803584110253491489029638246808553,133.186.197.248,t10,0
148225,29818365939659051757632298263298731798070597054617033626668079764228561154906,161.97.170.180,t1,0
148714,99779994212860806990245225926461464308688021185860712920074666115744613801292,86.83.31.36,t6,0
148732,88888888888888888888,170.170.170.170,t528,1
148762,64383247900731281845947978702140632159887596782285373704495646538400785523284,143.110.174.212,t1,0
148927,73749267778535999926132367570203736432376530539708072013639208171469316305687,174.7.36.115,t1,0
148960,56846364085380912627616309685233106768930768982765708260106962853566937992068,193.38.35.138,t4,0
149051,22222222222222222222,0.0.0.0,t532,1
149548,33333333333333333333,85.85.85.85,t533,1
149603,44444444444444444444,170.170.170.170,t534,1
149920,79721569733515996668810523511273114654934860957517779865297961083957290739063,3.17.131.3,t1,0
150002,66666666666666666666,85.85.85.85,t536,1
150243,77777777777777777777,170.170.170.170,t537,1
150346,55332772378374634124213818828707990129344679756406011887469199425862582280909,24.107.187.198,t2,0
150992,99999999999999999999,85.85.85.85,t539,1
151020,55634044531351858674603588053154906242280448591318074321132885544172361262828,161.97.74.9,t1,0
151962,95424402843273033228953894928842475870929742003361269167023086454431228974061,195.201.171.162,t2,0
152058,22222222222222222222,85.85.85.85,t542,1
152558,33333333333333333333,170.170.170.170,t543,1
152591,89036922335057405929587413486498271484897917366766306065060519323687212913931,47.6.118.238,t1,0
152724,28451013422829539714982043452348077173719746602000543508267495613279432322368,208.59.132.133,t1,0
152764,66666666666666666666,170.170.170.170,t546,1
153251,77777777777777777777,0.0.0.0,t547,1
153872,86419216549491855258260357859545416113196980628107954066464818078411271555443,71.126.155.13,t6,0
154008,35382199944402890336188439838630740052862065229614136921970245046916027226715,3.0.202.168,t20,0
154028,00000000000000000000,0.0.0.0,t550,1
154831,11111111111111111111,85.85.85.85,t551,1
156075,22222222222222222222,170.170.170.170,t552,1
156436,46928842969196209992669798530980582009545880067044296128697957273456580009034,135.181.139.50,t1,0
157105,44444444444444444444,85.85.85.85,t554,1
157578,9231818643650675455978183039607256315978176764101070106153491910778514088987,89.10.248.95,t1,0
157936,66666666666666666666,0.0.0.0,t556,1
158310,14440495162546699639835195514215928481767631529897169824179950756380084931624,168.70.72.37,t1,0
158520,42382764800024951000870558581883152684150385072718009121760584444240074424392,3.97.68.79,t2,0
158705,99999999999999999999,0.0.0.0,t559,1
158999,00000000000000000000,85.85.85.85,t560,1
159706,11111111111111111111,170.170.170.170,t561,1
160010,22222222222222222222,0.0.0.0,t562,1
160043,46833283711103862098261908148603257480658432078263196380345306066140567031836,122.224.160.170,t1,0
160122,21413811558307746428974802125914013025796365168167293244871044835846384728524,144.76.37.238,t1,0
160167,81271940701047832435394603123148265967149503204700344848893262956491096837072,175.112.55.151,t2,0
160789,66666666666666666666,85.85.85.85,t566,1
161122,77777777777777777777,170.170.170.170,t567,1
162279,88888888888888888888,0.0.0.0,t568,1
162890,84075719129381484425165932762603449922319978980550802886850586605982219196589,209.222.101.152,t1,0
163727,00000000000000000000,170.170.170.170,t570,1
163988,43851177579407543681549058988397218314722730441114316176727123102855079128172,207.191.159.53,t1,0
164151,22222222222222222222,85.85.85.85,t572,1
164200,33333333333333333333,170.170.170.170,t573,1
164231,82590503033903944287709833153754538057549007239664579422476284997632811695065,72.197.165.148,t1,0
165056,55555555555555555555,85.85.85.85,t575,1
165811,66666666666666666666,170.170.170.170,t576,1
166411,77777777777777777777,0.0.0.0,t577,1
166428,91914741188877569622139577359152076994201404908114320366409626423226816024111,51.81.66.67,t1,0
166683,99999999999999999999,170.170.170.170,t579,1
166744,00000000000000000000,0.0.0.0,t580,1
166792,83021526812645827230908185735657373464817938952492885058220484763045022596088,24.6.82.131,t1,0
167021,22222222222222222222,170.170.170.170,t582,1
167627,104944651838894817432561006313221245122288705283018825610989676187005430451101,3.140.22.205,t1,0
168302,44444444444444444444,85.85.85.85,t584,1
168571,55555555555555555555,170.170.170.170,t585,1
168623,66666666666666666666,0.0.0.0,t586,1
169366,77777777777777777777,85.85.85.85,t587,1
170029,88888888888888888888,170.170.170.170,t588,1
170045,99999999999999999999,0.0.0.0,t589,1
170341,00000000000000000000,85.85.85.85,t590,1
170372,40831294519168361393029503367604933994794420915972148087998717279970709932591,31.201.60.221,t2,0
170402,92830940152929089195914704750983870745896172541769968873282767780497279876683,148.251.7.145,t1,0
170920,33333333333333333333,85.85.85.85,t593,1
172559,44444444444444444444,170.170.170.170,t594,1
172919,25450184953119795067289770140622257457613524845593621351433564876239728875533,54.39.128.240,t2,0
173001,7283622694347807766328270164327328548192915605264896501371239867073810407757,35.239.239.82,t2,0
173074,2802236194764388807514728117650632508158274881260029183324854966247679330243,211.54.150.66,t1,0
173200,88888888888888888888,0.0.0.0,t598,1
173215,99999999999999999999,85.85.85.85,t599,1
173428,00000000000000000000,170.170.170.170,t600,1
173433,11111111111111111111,0.0.0.0,t601,1
173519,4416761157329853552676670417065839338282728459885030167745694748871726685831,31.42.184.10,t2,0
175228,92838460483296818831273104120265455833136420934604383554935105167280770512224,96.250.122.65,t8,0
175265,44444444444444444444,0.0.0.0,t604,1
175301,89835335449049142483185936967288573833005928120060557861668392820858245263575,3.36.51.180,t1,0
175534,99626506429554098231500142105799381927542685011366306306947470338616252313105,167.86.102.160,t13,0
175764,103853020135518325570461782094240206740375220165785158948640301383593705385895,213.1.216.201,t1,0
176384,88888888888888888888,85.85.85.85,t608,1
176884,60197804433124416695291005380261935811516085799464079756742720636848698878410,164.68.109.32,t1,0
177015,1635399938995397405788960331695708574512291329121039190204332262740947175078,151.106.39.64,t2,0
177022,110727547785555376431451909393880005541976596778862263965439201193341789804513,136.243.77.53,t1,0
177483,49876281109572537173094315451051794933342245230923482069933508411153220158912,13.125.57.231,t1,0
177508,31075120961265833570323120628142210586022771040960596044093844577090290541433,75.150.254.174,t1,0
177777,44444444444444444444,85.85.85.85,t614,1
178437,25070921018144672080380881866462847597568515591299599224785763524577292077380,195.154.80.140,t1,0
178644,57039947942721260423051918918432706943160705600084319331197915127205093253684,128.230.109.53,t1,0
178757,77777777777777777777,85.85.85.85,t617,1
178763,59804242909799175200630049048649962632152134036434859478093695721099951737241,34.255.23.113,t1,0
178968,99999999999999999999,0.0.0.0,t619,1
179037,00000000000000000000,85.85.85.85,t620,1
180736,11111111111111111111,170.170.170.170,t621,1
180961,22222222222222222222,0.0.0.0,t622,1
181281,33333333333333333333,85.85.85.85,t623,1
181455,44444444444444444444,170.170.170.170,t624,1
181961,67619180189737288008313539503897185788372469217855986115712726772585358081267,5.189.149.68,t1,0
182838,66666666666666666666,85.85.85.85,t626,1
183343,77777777777777777777,170.170.170.170,t627,1
183445,88888888888888888888,0.0.0.0,t628,1
185135,78357497711693237176054242604092248684978377474714975896596346658826567102719,79.142.129.218,t7,0
185243,60762323688431055035063975212216337362490084650344566817917722743671053313423,13.59.75.66,t1,0
185922,11111111111111111111,0.0.0.0,t631,1
186007,22222222222222222222,85.85.85.85,t632,1
186112,4870244712742480979391634646535270165544750034718414803354461687357628137978,47.242.24.151,t2,0
187147,44444444444444444444,0.0.0.0,t634,1
187963,55555555555555555555,85.85.85.85,t635,1
188153,66666666666666666666,170.170.170.170,t636,1
188292,77777777777777777777,0.0.0.0,t637,1
188995,88888888888888888888,85.85.85.85,t638,1
189025,38255015669764829988106698696695289027725260815769647148650713477355606005450,23.224.78.34,t1,0
189167,00000000000000000000,0.0.0.0,t640,1
189190,11111111111111111111,85.85.85.85,t641,1
189261,22222222222222222222,170.170.170.170,t642,1
189272,33333333333333333333,0.0.0.0,t643,1
189312,44444444444444444444,85.85.85.85,t644,1
189350,55555555555555555555,170.170.170.170,t645,1
189570,75055734559525724672602484417753575536511426267593275332816235614650009971924,207.180.207.182,t1,0
189623,77777777777777777777,85.85.85.85,t647,1
190298,88888888888888888888,170.170.170.170,t648,1
190370,62254048534421519632810034856111195830601058019846062282031968164924743681402,79.143.177.134,t2,0
190375,00000000000000000000,85.85.85.85,t650,1
190881,11111111111111111111,170.170.170.170,t651,1
190918,49433546207908133524176976540661934050807803405747453393155367370938687578754,82.94.33.45,t1,0
190926,33333333333333333333,85.85.85.85,t653,1
191156,44444444444444444444,170.170.170.170,t654,1
191507,20695582839553109069192457626578102233062014728557507250520453991971691964793,5.188.35.87,t2,0
191566,7563666439710177449434336641029186114237342406192855128950960197928004212082,176.9.54.150,t3,0
192092,29020111889118768318365089595978810882191071848945113099578243622274126258520,54.152.238.107,t1,0
192632,76387805095457102720795869604436201710305088734964822107084651122687404721584,59.61.164.147,t1,0
192643,99999999999999999999,85.85.85.85,t659,1
192837,00000000000000000000,170.170.170.170,t660,1
192951,11111111111111111111,0.0.0.0,t661,1
193124,22222222222222222222,85.85.85.85,t662,1
193443,33333333333333333333,170.170.170.170,t663,1
193934,25075186966553440323458258611002895507745288248328473649765012046854281164779,3.139.27.134,t1,0
194943,55555555555555555555,85.85.85.85,t665,1
195105,66666666666666666666,170.170.170.170,t666,1
195514,77777777777777777777,0.0.0.0,t667,1
195527,22906371224181723475563665533162531396283742370613672230161254270439145989292,35.177.100.79,t2,0
196096,99999999999999999999,170.170.170.170,t669,1
196392,00000000000000000000,0.0.0.0,t670,1
196646,11111111111111111111,85.85.85.85,t671,1
197114,84527942785010527437083959572512718550328608687019922042102658398549078798215,192.35.222.26,t1,0
197376,33333333333333333333,0.0.0.0,t673,1
197518,44444444444444444444,85.85.85.85,t674,1
197680,85678549952839205070223835186415532024009017193321462266258279165327569188407,52.74.235.115,t1,0
197821,66666666666666666666,0.0.0.0,t676,1
197897,77777777777777777777,85.85.85.85,t677,1
198208,88888888888888888888,170.170.170.170,t678,1
198715,99999999999999999999,0.0.0.0,t679,1
199045,00000000000000000000,85.85.85.85,t680,1
199159,11111111111111111111,170.170.170.170,t681,1
199160,22222222222222222222,0.0.0.0,t682,1
199760,33333333333333333333,85.85.85.85,t683,1
200242,44444444444444444444,170.170.170.170,t684,1
200246,55555555555555555555,0.0.0.0,t685,1
200423,66666666666666666666,85.85.85.85,t686,1
200446,32584874306413871781160253542652346420286389605750004414326827236008569424866,13.209.195.140,t1,0
201155,88888888888888888888,0.0.0.0,t688,1
201437,53863176863697238386430238318077214675474445524302753102682575553380449105404,159.89.53.38,t5,0
201549,00000000000000000000,170.170.170.170,t690,1
201607,75369882593885452214095770750440193143772114218633114672607359843133725182150,162.215.212.34,t3,0
202162,22222222222222222222,85.85.85.85,t692,1
202245,58221400830382904093986832580504325663069402421260916250253705489604282459104,18.157.194.99,t1,0
202729,44444444444444444444,0.0.0.0,t694,1
202861,55555555555555555555,85.85.85.85,t695,1
203579,66666666666666666666,170.170.170.170,t696,1
203672,23673907232524237200495601216035326377681287754449251538632981715784986196804,75.75.34.0,t4,0
203743,88888888888888888888,85.85.85.85,t698,1
203807,99999999999999999999,170.170.170.170,t699,1
204883,00000000000000000000,0.0.0.0,t700,1
204904,11111111111111111111,85.85.85.85,t701,1
205052,22222222222222222222,170.170.170.170,t702,1
205426,33333333333333333333,0.0.0.0,t703,1
205861,44444444444444444444,85.85.85.85,t704,1
206114,55555555555555555555,170.170.170.170,t705,1
206167,66666666666666666666,0.0.0.0,t706,1
206313,77777777777777777777,85.85.85.85,t707,1
206480,88888888888888888888,170.170.170.170,t708,1
207183,99999999999999999999,0.0.0.0,t709,1
207808,6489871343127152226407667883301922080785058013527228277013408325084419043009,37.120.164.16,t1,0
208380,11111111111111111111,170.170.170.170,t711,1
208399,22222222222222222222,0.0.0.0,t712,1
208713,46961327112111581105301322172072510653904623443026439598966036349802000231590,182.162.91.115,t2,0
209078,49549012551074241431159799434097636312935884405127142281337249067137919153067,87.92.183.225,t3,0
209184,55555555555555555555,0.0.0.0,t715,1
209493,102010200053433330033310642382440896303456751678009312990213208942499242210265,59.15.236.83,t1,0
209562,77777777777777777777,170.170.170.170,t717,1
209780,82468623630328513220685855583472247842541438322232492627651839698564814538584,69.84.57.249,t2,0
209958,77939404349800416986520853572773975042184863898684276504139828248273595807308,78.159.96.249,t1,0
210494,14954656079908399545450018310920791093105665220811038423587525853233080141204,46.4.63.141,t1,0
210825,11111111111111111111,0.0.0.0,t721,1
210836,51344939818181214733136601111814628268310006830798859569612557735559949632003,219.78.29.180,t1,0
211191,33333333333333333333,170.170.170.170,t723,1
211685,44444444444444444444,0.0.0.0,t724,1
211689,64978420910656323607062794942091367037229861320729048603701929708083898675296,23.90.163.74,t1,0
212064,66666666666666666666,170.170.170.170,t726,1
212218,32833077670023209894097025676519133102999842437193499552277864579801866418186,94.23.10.44,t1,0
212567,88888888888888888888,85.85.85.85,t728,1
212735,71056384742616915067450930935959100813878222218469934967899110442875783018354,161.97.133.247,t1,0
213321,00000000000000000000,0.0.0.0,t730,1
213494,11111111111111111111,85.85.85.85,t731,1
213726,22222222222222222222,170.170.170.170,t732,1
214222,33333333333333333333,0.0.0.0,t733,1
214287,95694616876386810834904977972059517204633525310285440525332773088881254736690,51.38.58.134,t1,0
214307,55555555555555555555,170.170.170.170,t735,1
214547,66666666666666666666,0.0.0.0,t736,1
214994,77777777777777777777,85.85.85.85,t737,1
215070,88888888888888888888,170.170.170.170,t738,1
215481,41877312986092315103087397110703957217330394020735357223420079743182773496000,67.177.231.79,t7,0
215621,00000000000000000000,85.85.85.85,t740,1
215918,46808811751620140312576751599144206328520489265208655448307839001363738593312,23.248.249.202,t1,0
215941,22222222222222222222,0.0.0.0,t742,1
216265,33333333333333333333,85.85.85.85,t743,1
216454,3811089203911932536507336185677216521198196142452584417677875748536216983292,67.84.132.64,t1,0
216838,74440019883952533245320571760618180447387022462090647293698596226530463177097,35.194.184.247,t5,0
216858,66666666666666666666,85.85.85.85,t746,1
216889,77777777777777777777,170.170.170.170,t747,1
217068,88888888888888888888,0.0.0.0,t748,1
217751,99999999999999999999,85.85.85.85,t749,1
217778,00000000000000000000,170.170.170.170,t750,1
217893,35267033852445863551806348170935611894018707682143722282394378396210432641596,220.120.162.17,t7,0
217919,72251223206793369845214067457134251207040940983640506608385845326255455143026,164.68.123.14,t1,0
218264,33333333333333333333,170.170.170.170,t753,1
218557,74040748378474101039754547086884401012332238805912791122440996494788796442698,5.79.66.77,t2,0
218567,61071596190037193312997718855691793337180892264429794259448519310616909889641,161.97.80.31,t7,0
219315,44392404057346407301549610344054557181762569994870095601066258157533867740199,5.9.147.7,t1,0
219361,77777777777777777777,0.0.0.0,t757,1
219384,36986092726125256604634877517893534740973371688554771613108486224467068692088,51.79.78.9,t4,0
220370,99999999999999999999,170.170.170.170,t759,1
220543,64746990625424451871423011221144717330226430763726983527036021277957790496306,173.249.28.148,t1,0
221047,11111111111111111111,85.85.85.85,t761,1
221050,22222222222222222222,170.170.170.170,t762,1
221071,33333333333333333333,0.0.0.0,t763,1
221556,44444444444444444444,85.85.85.85,t764,1
221649,35602735761220125218025056686643962136771995120620468065892599643854406662317,157.90.183.43,t1,0
223714,88571741766018194697932991179973488600095572666244125244609632440654250821201,58.153.45.56,t2,0
224917,75990413756384087523436056469185477949084669788851255870748884347460152229584,188.37.153.158,t1,0
225588,88888888888888888888,170.170.170.170,t768,1
225717,99999999999999999999,0.0.0.0,t769,1
226215,33616171430899687225335954407044840915788977647351354656642286853613927880750,72.194.92.124,t3,0
226413,11111111111111111111,170.170.170.170,t771,1
226469,22222222222222222222,0.0.0.0,t772,1
226555,91190574757995139898035992468150149268306086068339240951813387349175275017781,47.229.41.147,t1,0
226778,44444444444444444444,170.170.170.170,t774,1
226870,55555555555555555555,0.0.0.0,t775,1
226956,31574225088455070677380500986188169126314242740605817781725640115129347446144,51.159.23.89,t32,0
227143,77777777777777777777,170.170.170.170,t777,1
227429,88888888888888888888,0.0.0.0,t778,1
227726,99999999999999999999,85.85.85.85,t779,1
228343,00000000000000000000,170.170.170.170,t780,1
228714,11111111111111111111,0.0.0.0,t781,1
228783,22222222222222222222,85.85.85.85,t782,1
229231,109396924582489464668063365238654736084770863454451426051086460639645468315647,13.228.48.103,t1,0
229818,834294287720124993810309037185688077645683483569892658620085310759865142390,42.2.213.169,t1,0
229989,55555555555555555555,85.85.85.85,t785,1
230235,66666666666666666666,170.170.170.170,t786,1
231058,77777777777777777777,0.0.0.0,t787,1
231304,88888888888888888888,85.85.85.85,t788,1
231375,109999541057457724110787009763178407564575340817361196189544765239761852499784,161.97.178.20,t3,0
231429,00000000000000000000,0.0.0.0,t790,1
231594,24606324444978340280989218166846408280399900372163950455001313256515528239856,209.58.132.181,t1,0
232477,47788853345614002789621344717325188476239708781340535518194045163948049338831,46.4.60.219,t1,0
232528,96833547453123746582332650062370627400339896844079104613531307890358137936773,61.244.196.242,t1,0
232836,44444444444444444444,85.85.85.85,t794,1
232969,55555555555555555555,170.170.170.170,t795,1
233013,66666666666666666666,0.0.0.0,t796,1
233020,2112600415378982192999969177328850431477231354529996224277815853104982753891,211.35.143.97,t1,0
233078,53254075742012650754458938805794949718022408102511709931318937991606527254649,185.216.176.50,t1,0
233117,99999999999999999999,0.0.0.0,t799,1
233212,00000000000000000000,85.85.85.85,t800,1
233684,11111111111111111111,170.170.170.170,t801,1
234095,80660176489188362040651478414891169919226548861800062299933026869773350132694,76.90.121.145,t3,0
234158,33333333333333333333,85.85.85.85,t803,1
234516,44444444444444444444,170.170.170.170,t804,1
234684,55555555555555555555,0.0.0.0,t805,1
235315,38386071268123969037470292800534122994467180069896812463708845143612091520980,149.81.153.232,t1,0
235733,77777777777777777777,170.170.170.170,t807,1
235751,23992262810950685203701346972696432186388296154376149744142816831442590069262,172.105.188.163,t2,0
236040,99999999999999999999,85.85.85.85,t809,1
236403,00000000000000000000,170.170.170.170,t810,1
236750,90920270344958999296736041409400562523028490340957553411753801845308314096124,24.131.188.72,t2,0
237970,22222222222222222222,85.85.85.85,t812,1
239298,33333333333333333333,170.170.170.170,t813,1
239845,48540146279073104653225418758270007425785198108885398169504031516259711601019,91.121.65.9,t1,0
240658,55555555555555555555,85.85.85.85,t815,1
240715,25882041564923009506247700742949498940982868604630327171976017802644343985620,95.217.203.174,t1,0
240995,77777777777777777777,0.0.0.0,t817,1
241116,88888888888888888888,85.85.85.85,t818,1
241270,99999999999999999999,170.170.170.170,t819,1
241293,00000000000000000000,0.0.0.0,t820,1
241382,11111111111111111111,85.85.85.85,t821,1
241384,22222222222222222222,170.170.170.170,t822,1
241915,33333333333333333333,0.0.0.0,t823,1
241932,25836887448066266588498808834298533240410924205836468336230969397080561037244,54.191.2.104,t1,0
241991,55555555555555555555,170.170.170.170,t825,1
242561,66666666666666666666,0.0.0.0,t826,1
243477,39998117461797920052725747982452040071682453167289667355296652424494347758912,116.202.35.244,t1,0
243982,42995412818568098419650952613924967132755103310083878336803936419996088666295,24.126.83.53,t1,0
244326,99999999999999999999,0.0.0.0,t829,1
244628,00000000000000000000,85.85.85.85,t830,1
244836,11111111111111111111,170.170.170.170,t831,1
244890,22222222222222222222,0.0.0.0,t832,1
245962,33333333333333333333,85.85.85.85,t833,1
246526,103009466384139686179814156378110767378850123368004613905322743261990330953459,47.108.245.123,t1,0
246754,55555555555555555555,0.0.0.0,t835,1
246916,62633603802591183493223748008043651444427197234386764047371853958597135896034,85.30.248.73,t1,0
247058,77777777777777777777,170.170.170.170,t837,1
247072,88888888888888888888,0.0.0.0,t838,1
247095,99999999999999999999,85.85.85.85,t839,1
247309,60828958436279290120506350865478638808881269748294113488490223576131135607775,31.54.210.77,t1,0
247325,11111111111111111111,0.0.0.0,t841,1
247544,20873582221361918695235995956176121964873283206045530885450659313358008746777,139.59.142.181,t1,0
247697,33333333333333333333,170.170.170.170,t843,1
247752,94380128014367114582282289109380611593446000111706511176372588951460744188579,104.236.17.229,t3,0
247809,55555555555555555555,85.85.85.85,t845,1
248474,66666666666666666666,170.170.170.170,t846,1
248662,77777777777777777777,0.0.0.0,t847,1
248869,93558177300580428530535585216504439714167278884596638110520105362573499794445,35.158.244.151,t129,0
249163,108388014659618874466226324217559021412986303192096044922599315221435504241130,184.189.127.119,t1,0
249584,79152569496113537187771250243142106282887499821822664935254626731358867915601,51.81.243.187,t5,0
249645,11111111111111111111,85.85.85.85,t851,1
249667,22222222222222222222,170.170.170.170,t852,1
250831,36365617294434626603659399663275958967021358715161214113140316992499066454462,79.161.83.87,t1,0
250906,29019314575776923686412775048708455540004427876795829513321937543393615956432,161.97.131.255,t1,0
251028,55555555555555555555,170.170.170.170,t855,1
251524,101515910225797646797145550059199172853422881144168902798894209022920208786970,76.202.62.119,t1,0
251572,15852585915036682196318126286009204753477618047534719867864158072673093760305,161.35.224.138,t1,0
251673,88888888888888888888,170.170.170.170,t858,1
253228,67756863102488429073717290626847386860762488790456678728581707328203526460643,148.66.61.218,t2,0
253602,00000000000000000000,85.85.85.85,t860,1
253665,11111111111111111111,170.170.170.170,t861,1
253707,22222222222222222222,0.0.0.0,t862,1
253759,33333333333333333333,85.85.85.85,t863,1
253845,22929440338872490800013319601515881365966108541297409733507961987256825259378,161.97.146.67,t11,0
254380,24559153949493545363922674756048049807179061023876721078647641548531611510020,83.162.151.227,t8,0
254484,66666666666666666666,85.85.85.85,t866,1
254775,77777777777777777777,170.170.170.170,t867,1
254815,88888888888888888888,0.0.0.0,t868,1
255093,99999999999999999999,85.85.85.85,t869,1
255796,00000000000000000000,170.170.170.170,t870,1
256680,11111111111111111111,0.0.0.0,t871,1
256700,22222222222222222222,85.85.85.85,t872,1
256800,33333333333333333333,170.170.170.170,t873,1
256896,24793242578360086893562508978772433714319640085527078346446276636762877317691,193.108.118.159,t9,0
257033,63197702518859456218106971822970209422718504106403707430368745591589950809372,45.49.30.47,t2,0
257136,66666666666666666666,170.170.170.170,t876,1
258499,77777777777777777777,0.0.0.0,t877,1
258691,88888888888888888888,85.85.85.85,t878,1
258977,99999999999999999999,170.170.170.170,t879,1
259081,85907238129837538546370749431087097586849948956727562127946101116507229983194,34.230.31.58,t36,0
259384,11111111111111111111,85.85.85.85,t881,1
259418,59978512576153362640737188169283459700819197841836617416345352460640571531364,81.187.35.144,t1,0
259642,16457187564101383265940180290364164208155462172670876264184561380340263633245,218.30.91.43,t2,0
259773,44444444444444444444,85.85.85.85,t884,1
259994,2605086316458267873410659349473106018247767173018814545497154741031185697759,81.226.29.205,t1,0
260065,66666666666666666666,0.0.0.0,t886,1
260449,77777777777777777777,85.85.85.85,t887,1
260600,88888888888888888888,170.170.170.170,t888,1
260732,99999999999999999999,0.0.0.0,t889,1
260795,00000000000000000000,85.85.85.85,t890,1
260922,28613526025521306893915363203784495584922257260146345306820197004682037981746,172.105.167.20,t1,0
261026,22817307895028282727254021015118648173035181058136084147033250969519363382829,51.77.118.115,t2,0
261560,33333333333333333333,85.85.85.85,t893,1
261703,44444444444444444444,170.170.170.170,t894,1
261871,55555555555555555555,0.0.0.0,t895,1
262346,2337020282723098632665883226936697845029791958317007207055366282945185092316,51.89.98.35,t3,0
262537,77777777777777777777,170.170.170.170,t897,1
263214,88888888888888888888,0.0.0.0,t898,1
263424,31211777759718552940033228478827963767292751520603585709132521639819093210103,3.19.109.47,t5,0
263576,00000000000000000000,170.170.170.170,t900,1
263641,11111111111111111111,0.0.0.0,t901,1
264159,22222222222222222222,85.85.85.85,t902,1
264222,33333333333333333333,170.170.170.170,t903,1
264890,44444444444444444444,0.0.0.0,t904,1
265113,55555555555555555555,85.85.85.85,t905,1
265384,78550283871675131651095208998555001156107856215420764813032936617416026622053,99.250.8.186,t1,0
265674,77777777777777777777,0.0.0.0,t907,1
266215,88888888888888888888,85.85.85.85,t908,1
266340,99999999999999999999,170.170.170.170,t909,1
266599,113334710596787194614700143329784250105361717070896928340828666489907307795255,176.9.9.61,t5,0
266874,115182796691613428687607353920904929736270764486224872736611400954878812307115,135.181.3.33,t1,0
267231,22222222222222222222,170.170.170.170,t912,1
267604,9440966962009478020878001322924820939271886987546924669210425172155702643990,18.198.154.208,t4,0
267793,44444444444444444444,85.85.85.85,t914,1
267870,32142703738319395794078148478528322030557625010249610336842182602278253412478,134.122.124.205,t80,0
268208,102942465959733478915552626856733799020461715038561059961425528523631963811767,24.170.200.45,t1,0
268288,77777777777777777777,85.85.85.85,t917,1
268396,85737901035891683157578604604456571108748500399940132157840132086108591739251,18.163.241.159,t5,0
269117,99999999999999999999,0.0.0.0,t919,1
269202,50204017404842930185631260268706144434003114730146986995527967186369622166016,162.215.211.186,t1,0
269316,11111111111111111111,170.170.170.170,t921,1
269329,22222222222222222222,0.0.0.0,t922,1
269398,33333333333333333333,85.85.85.85,t923,1
269650,44444444444444444444,170.170.170.170,t924,1
270082,105591502640897726011679880450040636372433564520882506607266005073493714082776,178.38.134.151,t1,0
270797,50623337125537932849217220636820916687274932995403960320616634594171202190371,144.91.89.41,t1,0
270876,65758720608838538026794065663905486671048358257779225842049961083418530558943,167.86.98.180,t3,0
271510,88888888888888888888,0.0.0.0,t928,1
272270,99999999999999999999,85.85.85.85,t929,1
272324,6366651989258138573217618061381859432107458189960933498549272464462891530801,116.202.86.171,t1,0
273016,11111111111111111111,0.0.0.0,t931,1
273167,114789730033337611230321970660877868705713601114352680979744481084932018288621,95.216.247.22,t8,0
273407,45671628993175101056163339820250840190658356552024858946038153913012787696290,161.97.134.234,t1,0
273611,44444444444444444444,0.0.0.0,t934,1
274458,55555555555555555555,85.85.85.85,t935,1
274726,100224346886688750725228128175116109407856569619111869354746171732122557847002,62.171.159.22,t1,0
275162,23154149026669448189487693270116657821066582998644804574014127260646678364120,47.242.129.184,t1,0
275171,88888888888888888888,85.85.85.85,t938,1
275667,99999999999999999999,170.170.170.170,t939,1
276056,34379310885660886145427272624953864328933336227666213109151343529553450765923,54.180.151.232,t1,0
276171,97688067140637058611405793475862757438811108509283391162298233365951867385203,47.252.14.207,t2,0
276822,22222222222222222222,170.170.170.170,t942,1
277196,33333333333333333333,0.0.0.0,t943,1
277418,44444444444444444444,85.85.85.85,t944,1
277722,55555555555555555555,170.170.170.170,t945,1
277728,66666666666666666666,0.0.0.0,t946,1
277853,77777777777777777777,85.85.85.85,t947,1
277966,2010642255582319540692620727181181666799785246723780345105482125606354351312,147.135.70.51,t3,0
278381,99999999999999999999,0.0.0.0,t949,1
278723,00000000000000000000,85.85.85.85,t950,1
279047,68140928653402235970012646527580167609174581881850402969161402973840903023701,195.201.127.224,t1,0
279703,47474997092349023320704540700128830205270440229000674347548156467417543484853,159.89.192.142,t16,0
280080,28794807715204560721744266520362697553986292584231395193040577114865787033372,139.99.68.66,t1,0
280255,44444444444444444444,170.170.170.170,t954,1
280405,55555555555555555555,0.0.0.0,t955,1
280869,66666666666666666666,85.85.85.85,t956,1
281476,77777777777777777777,170.170.170.170,t957,1
281962,43864644381195057370255984511621028061985929850720035913175542713487143595579,209.250.236.15,t4,0
282338,99999999999999999999,85.85.85.85,t959,1
282581,00000000000000000000,170.170.170.170,t960,1
282611,11111111111111111111,0.0.0.0,t961,1
282631,22222222222222222222,85.85.85.85,t962,1
283279,33333333333333333333,170.170.170.170,t963,1
283501,39659665034816342314995295640409622445217633387713674001676727020898664940047,8.211.4.153,t2,0
283921,3440728825128717454715104474921601447491827651246640584003804654380963419971,88.198.20.46,t1,0
284503,95233373022269752623426060058145041498926940315004016334113960770886605714299,174.59.96.177,t1,0
284910,77777777777777777777,0.0.0.0,t967,1
285446,88888888888888888888,85.85.85.85,t968,1
285597,99999999999999999999,170.170.170.170,t969,1
285797,13145833426040175839616773272683359458511011874368801316863821838076589746529,146.59.181.188,t1,0
286154,11111111111111111111,85.85.85.85,t971,1
286161,54924408119502362173101352457784895746674791064560858877792161707429321873154,18.197.62.247,t2,0
286374,33333333333333333333,0.0.0.0,t973,1
286937,63740530717234489197391035596806918617421265051298639229856317880579428754240,139.99.123.215,t55,0
287033,55555555555555555555,170.170.170.170,t975,1
287044,66666666666666666666,0.0.0.0,t976,1
287100,2968678856692515348577993911291568230481313046557824071879636687148032444232,51.79.72.21,t1,0
287125,39089507341703821279859458722304923273397193704568495637320679175862502423624,46.101.214.180,t1,0
287171,74117274546415685390308982233945372515612176292743611241467021963972231892865,13.250.62.141,t1,0
287427,85880098026857736635593449194763597986221536170095048417491536720763899656439,173.212.199.246,t1,0
287538,11111111111111111111,170.170.170.170,t981,1
287573,22222222222222222222,0.0.0.0,t982,1
287605,33333333333333333333,85.85.85.85,t983,1
288488,75515362849092075502666441626347069913513552130781637709858740866396819666066,173.212.209.88,t2,0
289038,62080582595815868847192028516772569455457076955817729503942796649470532340948,50.4.159.236,t4,0
289394,66666666666666666666,85.85.85.85,t986,1
289516,77777777777777777777,170.170.170.170,t987,1
289802,88888888888888888888,0.0.0.0,t988,1
290024,99999999999999999999,85.85.85.85,t989,1
290121,00000000000000000000,170.170.170.170,t990,1
290320,11111111111111111111,0.0.0.0,t991,1
291267,53098620893461703600851444165046957003455817106629516427999007164562206387061,165.232.133.73,t54,0
292484,33333333333333333333,170.170.170.170,t993,1
292643,59069674772050466469769627387754147346499118631919635829290902790621470897906,47.98.131.35,t9,0
292725,55555555555555555555,85.85.85.85,t995,1
292878,66666666666666666666,170.170.170.170,t996,1
293169,31661402776046596747632745233204979362190172967636544499452603949852519083661,73.0.216.24,t1,0
293257,88888888888888888888,85.85.85.85,t998,1
293837,99999999999999999999,170.170.170.170,t999,1
294148,00000000000000000000,0.0.0.0,t1000,1
294169,11111111111111111111,85.85.85.85,t1001,1
294500,1067212380630458126875797944652310638173719647274871656081431304738892241601,54.39.130.87,t5,0
295025,103534121851100803447679903952694588719267445893060353646520582588897486895656,20.49.1.219,t2,0
295442,44444444444444444444,85.85.85.85,t1004,1
295443,55555555555555555555,170.170.170.170,t1005,1
295518,66666666666666666666,0.0.0.0,t1006,1
295520,25723361031861201655797716467144196820766756775038779670910129749218794353995,150.140.159.244,t2,0
296242,105530439886120730255086212415117556037537171673523706440311878080188395245109,52.199.150.68,t1,0
296533,99999999999999999999,0.0.0.0,t1009,1
296613,00000000000000000000,85.85.85.85,t1010,1
296814,11111111111111111111,170.170.170.170,t1011,1
297560,1366358128178905965822888428422873328791745049200472250141936332184215888981,95.217.239.137,t1,0
297730,33333333333333333333,85.85.85.85,t1013,1
297872,44444444444444444444,170.170.170.170,t1014,1
297883,55555555555555555555,0.0.0.0,t1015,1
298704,66666666666666666666,85.85.85.85,t1016,1
298797,77777777777777777777,170.170.170.170,t1017,1
299278,81371010485086772419047484499839323218034487231752740779922126581620851090110,185.177.124.143,t1,0
299572,99999999999999999999,85.85.85.85,t1019,1
299664,00000000000000000000,170.170.170.170,t1020,1
299705,11111111111111111111,0.0.0.0,t1021,1
300429,95166060270911759697376039596990670003242700671815669525088100444779786611829,95.216.45.30,t1,0
301018,33333333333333333333,170.170.170.170,t1023,1
301340,61368459183371974206028010575273816740769722073526856596007047360106521760974,158.247.195.3,t2,0
301502,55555555555555555555,85.85.85.85,t1025,1
301584,66666666666666666666,170.170.170.170,t1026,1
301952,3727541558347151410819417924652808303345036103281945413913607761167978846283,167.114.55.8,t2,0
302044,88888888888888888888,85.85.85.85,t1028,1
302243,104783605351913261736592884673474693569771579030832894090541252556316195658956,101.164.193.210,t1,0
302864,00000000000000000000,0.0.0.0,t1030,1
302878,11111111111111111111,85.85.85.85,t1031,1
303562,52453818589366555889861822139056267027367185841087902357369971520023008626809,45.83.107.168,t1,0
303599,92109637217164831922386921439099338678916369798713215751940897145004868826483,185.19.30.223,t1,0
303693,48847731020785036812433655349119047742890332423137707853623364486119296015293,99.242.106.56,t1,0
304040,6544857249187330217215056351792752839808733650574568482902824065035774725556,68.71.17.146,t1,0
304203,68335892016318880904742920632586612191073742153306955376910587107583587806090,213.34.104.29,t2,0
304225,77777777777777777777,85.85.85.85,t1037,1
304445,88888888888888888888,170.170.170.170,t1038,1
304472,21565278853749498404101075101577529877722601845566401618710015764531426035449,192.151.223.250,t3,0
304991,80613645123725529683419030727213947413454910168767781993754467437693496117579,82.64.112.62,t1,0
305110,11111111111111111111,170.170.170.170,t1041,1
305306,111776425294411261486795541796253948207447061088724202787717644338443101877031,89.115.207.66,t1,0
305449,33333333333333333333,85.85.85.85,t1043,1
305635,44444444444444444444,170.170.170.170,t1044,1
305804,100124310428389376085136014293200566218362730212559230386585158973052836095448,107.22.36.237,t1,0
306604,32789153875894004988267849013758656099935057381093918196310527529448806894706,185.216.178.146,t1,0
306789,77777777777777777777,170.170.170.170,t1047,1
307530,88888888888888888888,0.0.0.0,t1048,1
307953,99999999999999999999,85.85.85.85,t1049,1
308105,00000000000000000000,170.170.170.170,t1050,1
308685,11111111111111111111,0.0.0.0,t1051,1
308990,22222222222222222222,85.85.85.85,t1052,1
309629,33333333333333333333,170.170.170.170,t1053,1
309887,44444444444444444444,0.0.0.0,t1054,1
310230,55555555555555555555,85.85.85.85,t1055,1
310240,66666666666666666666,170.170.170.170,t1056,1
310390,115089728599844966218750780359222068753808513238985228497783977995423806273361,158.69.25.115,t3,0
310425,22638511317413684826452964069162225494580476857468422753963601900621904168403,47.56.21.163,t1,0
310914,99999999999999999999,170.170.170.170,t1059,1
311350,00000000000000000000,0.0.0.0,t1060,1
311567,90644831000057094097061886955330153747152994173454663851251785701974656818772,206.189.159.177,t1,0
311909,5002537700038933238479299521431865649064490288779217987379418187520396781519,128.127.104.80,t2,0
312098,33333333333333333333,0.0.0.0,t1063,1
312214,44444444444444444444,85.85.85.85,t1064,1
312591,55555555555555555555,170.170.170.170,t1065,1
312798,66666666666666666666,0.0.0.0,t1066,1
313068,51441261262543983201030051712143442419464274872419829151486916735640936745887,13.124.177.175,t2,0
314717,88888888888888888888,170.170.170.170,t1068,1
314834,99999999999999999999,0.0.0.0,t1069,1
315252,00000000000000000000,85.85.85.85,t1070,1
315452,11111111111111111111,170.170.170.170,t1071,1
316639,47650971018454237541849737896776570222862181265272205515674659812742604253964,159.100.243.46,t2,0
317181,33333333333333333333,85.85.85.85,t1073,1
317622,44444444444444444444,170.170.170.170,t1074,1
318259,55555555555555555555,0.0.0.0,t1075,1
318831,66666666666666666666,85.85.85.85,t1076,1
319049,77777777777777777777,170.170.170.170,t1077,1
319223,26354050861634694076343907683747641827613384440338855079358236102864734648099,159.203.25.175,t3,0
320289,99999999999999999999,85.85.85.85,t1079,1
320490,00000000000000000000,170.170.170.170,t1080,1
321178,11111111111111111111,0.0.0.0,t1081,1
321183,22222222222222222222,85.85.85.85,t1082,1
321520,27721523294497843471518013581435790576752165515158016982155816281141902737597,86.81.28.194,t1,0
322030,44444444444444444444,0.0.0.0,t1084,1
322352,53336183397726888726043234501465359896763875776175939588355354856329823816200,3.219.224.73,t1,0
322803,59514829129478706103373672888963948705957032646509744400223755315868709106218,52.198.44.212,t1,0
323551,77777777777777777777,0.0.0.0,t1087,1
323747,88888888888888888888,85.85.85.85,t1088,1
323786,84166562916335594269803009661033964078065779187641988176811857000696264616265,116.124.129.105,t1,0
324510,00000000000000000000,0.0.0.0,t1090,1
324704,92301416078983781900079118308426675738602808677625988826546559920797639994454,95.216.229.120,t7,0
324705,69441502544425573353711999037983174262414164618341398364789776879392164506481,167.86.81.118,t1,0
324857,18536028535931630637108157052866030027784779810430495339300699567930960003877,120.79.133.210,t11,0
324901,30758265085440641027541809902657528272208936332682132657904669531629831081490,38.121.43.46,t2,0
325036,52642239724619437909287565543906905929911291201048213840037301654630552247412,45.204.3.44,t1,0
326700,66666666666666666666,0.0.0.0,t1096,1
327686,40520535785257462348900874989830460238366472076232291026427713069696436288352,135.181.208.44,t1,0
328184,88888888888888888888,170.170.170.170,t1098,1
328341,72569081677886576295299254807316909742995483403163350754951925144256926640367,169.60.124.21,t1,0
