id,topic
0,3
1,0
2,4
3,84
4,47
5,150
6,1
7,16
8,22
9,21
10,0
11,13
12,1
13,290
14,1
15,1
16,41
17,0
18,37
19,245
20,0
21,1
22,141
23,3
24,19
25,31
26,7
27,0
28,0
29,85
30,33
31,2
32,1
33,4
34,144
35,1
36,6
37,17
38,0
39,1
40,15
41,101
42,0
43,219
44,2
45,1
46,0
47,82
48,98
49,0
50,74
51,276
52,48
53,117
54,39
55,138
56,1
57,0
58,14
59,0
60,5
61,1
62,80
63,2
64,2
65,24
66,0
67,62
68,1
69,21
70,0
71,3
72,0
73,4
74,0
75,33
76,0
77,13
78,2
79,18
80,4
81,54
82,0
83,0
84,74
85,180
86,96
87,135
88,98
89,0
90,0
91,29
92,83
93,10
94,39
95,131
96,2
97,0
98,17
99,17
100,54
101,1
102,281
103,24
104,13
105,5
106,47
107,13
108,32
109,49
110,9
111,38
112,3
113,6
114,0
115,6
116,1
117,88
118,133
119,170
120,2
121,9
122,2
123,57
124,25
125,1
126,2
127,0
128,16
129,5
130,0
131,16
132,9
133,8
134,6
135,0
136,62
137,54
138,70
139,58
140,45
141,0
142,1
143,137
144,0
145,1
146,11
147,10
148,2
149,1
150,0
151,17
152,71
153,232
154,20
155,0
156,5
157,11
158,159
159,6
160,0
161,5
162,0
163,1
164,1
165,68
166,0
167,4
168,13
169,213
170,17
171,0
172,0
173,19
174,103
175,1
176,85
177,11
178,1
179,3
180,161
181,21
182,0
183,1
184,0
185,0
186,28
187,1
188,0
189,0
190,108
191,3
192,19
193,6
194,41
195,95
196,1
197,42
198,52
199,0
200,2
201,6
202,23
203,62
204,1
205,20
206,2
207,34
208,17
209,31
210,1
211,209
212,19
213,0
214,289
215,235
216,54
217,16
218,48
219,0
220,2
221,1
222,21
223,1
224,133
225,3
226,196
227,12
228,11
229,7
230,1
231,2
232,120
233,197
234,13
235,200
236,11
237,0
238,9
239,31
240,3
241,4
242,0
243,20
244,59
245,1
246,1
247,7
248,48
249,0
250,34
251,71
252,17
253,0
254,11
255,171
256,1
257,1
258,4
259,2
260,12
261,1
262,180
263,2
264,31
265,1
266,14
267,8
268,91
269,1
270,143
271,0
272,4
273,23
274,1
275,188
276,4
277,11
278,1
279,18
280,23
281,50
282,119
283,174
284,58
285,10
286,0
287,68
288,4
289,21
290,0
291,0
292,0
293,0
294,54
295,0
296,9
297,46
298,12
299,41
300,7
301,14
302,8
303,1
304,0
305,0
306,2
307,0
308,3
309,0
310,255
311,181
312,3
313,0
314,4
315,54
316,50
317,31
318,11
319,4
320,3
321,118
322,0
323,46
324,20
325,0
326,2
327,19
328,2
329,30
330,73
331,0
332,4
333,21
334,9
335,177
336,130
337,4
338,3
339,35
340,0
341,0
342,0
343,215
344,28
345,55
346,0
347,100
348,1
349,2
350,0
351,1
352,12
353,5
354,10
355,1
356,0
357,26
358,6
359,28
360,93
361,9
362,71
363,2
364,49
365,20
366,228
367,1
368,18
369,0
370,76
371,1
372,33
373,32
374,26
375,0
376,47
377,42
378,4
379,1
380,131
381,17
382,42
383,52
384,2
385,26
386,14
387,105
388,5
389,46
390,48
391,9
392,2
393,5
394,14
395,2
396,65
397,1
398,7
399,15
400,1
401,60
402,5
403,0
404,45
405,2
406,16
407,0
408,2
409,202
410,192
411,1
412,68
413,0
414,131
415,0
416,1
417,12
418,0
419,79
420,146
421,1
422,131
423,7
424,0
425,25
426,105
427,14
428,3
429,37
430,14
431,35
432,67
433,9
434,102
435,0
436,58
437,0
438,1
439,7
440,25
441,1
442,3
443,67
444,34
445,27
446,9
447,0
448,155
449,33
450,66
451,9
452,9
453,1
454,21
455,18
456,6
457,0
458,11
459,1
460,237
461,0
462,3
463,50
464,105
465,36
466,1
467,1
468,94
469,84
470,183
471,12
472,155
473,62
474,122
475,0
476,1
477,3
478,1
479,91
480,1
481,10
482,9
483,201
484,132
485,292
486,2
487,223
488,9
489,144
490,1
491,24
492,94
493,19
494,0
495,232
496,176
497,58
498,122
499,14
500,11
501,69
502,0
503,22
504,24
505,8
506,8
507,275
508,12
509,21
510,0
511,36
512,192
513,0
514,45
515,8
516,0
517,34
518,24
519,1
520,7
521,66
522,53
523,114
524,7
525,27
526,70
527,60
528,0
529,6
530,69
531,3
532,3
533,190
534,244
535,145
536,1
537,106
538,5
539,14
540,10
541,132
542,13
543,1
544,4
545,50
546,0
547,16
548,3
549,5
550,0
551,0
552,10
553,0
554,0
555,222
556,2
557,262
558,0
559,126
560,9
561,5
562,207
563,55
564,182
565,11
566,52
567,0
568,0
569,54
570,13
571,138
572,0
573,1
574,204
575,33
576,2
577,26
578,26
579,0
580,6
581,27
582,0
583,8
584,34
585,11
586,11
587,0
588,4
589,33
590,4
591,7
592,6
593,2
594,1
595,251
596,1
597,11
598,32
599,4
600,1
601,11
602,0
603,3
604,4
605,0
606,4
607,1
608,46
609,13
610,91
611,21
612,40
613,0
614,9
615,3
616,127
617,227
618,247
619,0
620,21
621,19
622,15
623,5
624,0
625,38
626,60
627,12
628,8
629,2
630,29
631,10
632,4
633,259
634,1
635,44
636,0
637,98
638,74
639,207
640,110
641,32
642,1
643,20
644,143
645,0
646,63
647,223
648,44
649,63
650,181
651,29
652,164
653,0
654,173
655,5
656,32
657,2
658,8
659,56
660,103
661,4
662,0
663,4
664,112
665,2
666,91
667,7
668,58
669,1
670,21
671,6
672,35
673,0
674,2
675,1
676,0
677,0
678,84
679,0
680,15
681,144
682,2
683,0
684,4
685,1
686,69
687,25
688,2
689,5
690,9
691,15
692,1
693,13
694,0
695,0
696,14
697,2
698,0
699,0
700,14
701,17
702,1
703,2
704,193
705,18
706,10
707,1
708,159
709,1
710,170
711,16
712,18
713,23
714,8
715,270
716,108
717,275
718,39
719,35
720,236
721,42
722,3
723,68
724,14
725,108
726,7
727,109
728,7
729,148
730,0
731,1
732,2
733,4
734,8
735,15
736,6
737,25
738,3
739,3
740,75
741,3
742,99
743,0
744,58
745,100
746,31
747,6
748,6
749,2
750,4
751,70
752,25
753,16
754,187
755,3
756,76
757,54
758,5
759,1
760,107
761,26
762,12
763,19
764,9
765,72
766,0
767,1
768,3
769,31
770,59
771,9
772,0
773,24
774,6
775,50
776,170
777,1
778,84
779,161
780,3
781,69
782,0
783,7
784,210
785,3
786,33
787,33
788,17
789,149
790,1
791,5
792,0
793,9
794,25
795,0
796,4
797,22
798,0
799,13
800,46
801,291
802,13
803,0
804,1
805,1
806,75
807,39
808,57
809,139
810,0
811,119
812,1
813,1
814,30
815,103
816,19
817,3
818,281
819,0
820,11
821,0
822,51
823,97
824,0
825,25
826,9
827,93
828,0
829,0
830,12
831,244
832,30
833,126
834,0
835,210
836,0
837,33
838,10
839,16
840,9
841,278
842,185
843,151
844,170
845,117
846,115
847,138
848,5
849,6
850,9
851,0
852,58
853,5
854,13
855,29
856,2
857,168
858,15
859,73
860,1
861,1
862,1
863,42
864,130
865,0
866,10
867,4
868,3
869,9
870,194
871,2
872,1
873,2
874,1
875,100
876,85
877,0
878,0
879,155
880,298
881,32
882,0
883,296
884,133
885,1
886,207
887,32
888,2
889,5
890,33
891,3
892,0
893,0
894,24
895,8
896,15
897,8
898,25
899,59
900,170
901,1
902,6
903,113
904,1
905,0
906,13
907,155
908,49
909,185
910,3
911,81
912,2
913,18
914,0
915,5
916,114
917,1
918,3
919,2
920,71
921,3
922,1
923,11
924,5
925,0
926,13
927,15
928,6
929,9
930,16
931,20
932,110
933,2
934,1
935,0
936,111
937,25
938,0
939,18
940,5
941,6
942,36
943,55
944,14
945,0
946,2
947,2
948,64
949,6
950,12
951,4
952,21
953,6
954,8
955,169
956,44
957,232
958,127
959,0
960,3
961,203
962,14
963,144
964,33
965,68
966,1
967,1
968,5
969,105
970,2
971,2
972,0
973,24
974,249
975,57
976,1
977,0
978,40
979,2
980,15
981,8
982,5
983,30
984,275
985,4
986,89
987,23
988,43
989,15
990,33
991,6
992,88
993,18
994,4
995,1
996,3
997,2
998,2
999,179
1000,24
1001,4
1002,12
1003,0
1004,6
1005,0
1006,0
1007,9
1008,8
1009,138
1010,0
1011,6
1012,4
1013,2
1014,72
1015,73
1016,14
1017,19
1018,0
1019,36
1020,1
1021,2
1022,20
1023,18
1024,83
1025,17
1026,0
1027,10
1028,43
1029,142
1030,3
1031,6
1032,1
1033,1
1034,0
1035,27
1036,233
1037,282
1038,129
1039,84
1040,22
1041,0
1042,14
1043,1
1044,67
1045,0
1046,13
1047,1
1048,20
1049,103
1050,1
1051,5
1052,6
1053,0
1054,72
1055,214
1056,258
1057,0
1058,0
1059,113
1060,14
1061,1
1062,4
1063,11
1064,1
1065,4
1066,21
1067,194
1068,6
1069,69
1070,1
1071,1
1072,1
1073,14
1074,0
1075,20
1076,5
1077,2
1078,20
1079,0
1080,15
1081,68
1082,0
1083,4
1084,7
1085,0
1086,43
1087,0
1088,21
1089,23
1090,0
1091,10
1092,184
1093,4
1094,111
1095,0
1096,5
1097,179
1098,40
1099,5
1100,14
1101,8
1102,16
1103,9
1104,2
1105,73
1106,1
1107,0
1108,20
1109,69
1110,172
1111,0
1112,5
1113,1
1114,16
1115,0
1116,0
1117,104
1118,14
1119,84
1120,45
1121,6
1122,0
1123,17
1124,0
1125,46
1126,206
1127,0
1128,11
1129,155
1130,1
1131,135
1132,0
1133,1
1134,5
1135,53
1136,197
1137,4
1138,90
1139,22
1140,203
1141,0
1142,60
1143,1
1144,183
1145,3
1146,0
1147,9
1148,0
1149,12
1150,2
1151,7
1152,137
1153,29
1154,22
1155,7
1156,22
1157,5
1158,1
1159,15
1160,3
1161,30
1162,40
1163,1
1164,101
1165,30
1166,17
1167,28
1168,45
1169,23
1170,52
1171,4
1172,1
1173,1
1174,10
1175,118
1176,229
1177,1
1178,0
1179,0
1180,0
1181,4
1182,172
1183,5
1184,112
1185,76
1186,1
1187,0
1188,0
1189,1
1190,12
1191,28
1192,110
1193,4
1194,74
1195,40
1196,15
1197,1
1198,4
1199,139
1200,1
1201,289
1202,6
1203,184
1204,0
1205,28
1206,105
1207,22
1208,0
1209,92
1210,45
1211,1
1212,0
1213,19
1214,249
1215,11
1216,2
1217,194
1218,1
1219,194
1220,3
1221,8
1222,17
1223,80
1224,127
1225,22
1226,16
1227,0
1228,54
1229,31
1230,228
1231,1
1232,0
1233,256
1234,9
1235,200
1236,0
1237,0
1238,59
1239,44
1240,1
1241,49
1242,9
1243,9
1244,88
1245,29
1246,1
1247,17
1248,2
1249,6
1250,0
1251,44
1252,163
1253,38
1254,28
1255,6
1256,68
1257,296
1258,238
1259,57
1260,7
1261,215
1262,28
1263,27
1264,28
1265,41
1266,36
1267,1
1268,296
1269,6
1270,1
1271,31
1272,299
1273,0
1274,31
1275,16
1276,0
1277,233
1278,0
1279,48
1280,9
1281,4
1282,32
1283,0
1284,12
1285,0
1286,224
1287,254
1288,14
1289,1
1290,4
1291,153
1292,5
1293,51
1294,288
1295,13
1296,1
1297,216
1298,0
1299,122
1300,19
1301,0
1302,39
1303,137
1304,125
1305,4
1306,4
1307,215
1308,6
1309,27
1310,277
1311,24
1312,7
1313,78
1314,18
1315,3
1316,11
1317,5
1318,0
1319,0
1320,3
1321,1
1322,50
1323,0
1324,53
1325,108
1326,123
1327,10
1328,4
1329,21
1330,0
1331,1
1332,5
1333,0
1334,9
1335,3
1336,0
1337,0
1338,10
1339,0
1340,5
1341,1
1342,57
1343,0
1344,0
1345,0
1346,22
1347,2
1348,18
1349,0
1350,14
1351,67
1352,4
1353,55
1354,215
1355,236
1356,25
1357,20
1358,25
1359,4
1360,9
1361,10
1362,52
1363,0
1364,27
1365,0
1366,4
1367,4
1368,0
1369,3
1370,4
1371,3
1372,43
1373,0
1374,118
1375,101
1376,4
1377,156
1378,2
1379,1
1380,111
1381,4
1382,134
1383,40
1384,0
1385,3
1386,3
1387,114
1388,0
1389,10
1390,8
1391,43
1392,15
1393,0
1394,285
1395,186
1396,6
1397,0
1398,11
1399,15
1400,47
1401,1
1402,2
1403,30
1404,1
1405,153
1406,87
1407,205
1408,37
1409,9
1410,148
1411,1
1412,30
1413,0
1414,0
1415,0
1416,238
1417,22
1418,0
1419,202
1420,1
1421,0
1422,29
1423,5
1424,1
1425,3
1426,12
1427,206
1428,22
1429,10
1430,0
1431,31
1432,10
1433,0
1434,13
1435,8
1436,2
1437,0
1438,96
1439,283
1440,192
1441,10
1442,58
1443,23
1444,30
1445,45
1446,11
1447,16
1448,44
1449,0
1450,2
1451,0
1452,147
1453,32
1454,48
1455,0
1456,17
1457,1
1458,16
1459,151
1460,195
1461,0
1462,5
1463,0
1464,7
1465,3
1466,0
1467,0
1468,4
1469,0
1470,127
1471,6
1472,22
1473,4
1474,1
1475,21
1476,4
1477,5
1478,10
1479,2
1480,27
1481,23
1482,79
1483,1
1484,41
1485,45
1486,2
1487,0
1488,22
1489,221
1490,4
1491,2
1492,44
1493,125
1494,2
1495,199
1496,52
1497,19
1498,159
1499,260
1500,173
1501,42
1502,40
1503,1
1504,9
1505,8
1506,131
1507,222
1508,1
1509,21
1510,0
1511,7
1512,4
1513,2
1514,263
1515,5
1516,63
1517,3
1518,1
1519,35
1520,0
1521,296
1522,71
1523,8
1524,4
1525,206
1526,1
1527,66
1528,6
1529,25
1530,23
1531,0
1532,68
1533,120
1534,11
1535,7
1536,5
1537,8
1538,63
1539,3
1540,232
1541,1
1542,11
1543,74
1544,281
1545,5
1546,0
1547,0
1548,34
1549,8
1550,3
1551,2
1552,224
1553,2
1554,0
1555,71
1556,0
1557,154
1558,239
1559,0
1560,32
1561,8
1562,31
1563,0
1564,0
1565,1
1566,58
1567,0
1568,3
1569,0
1570,2
1571,0
1572,7
1573,185
1574,46
1575,29
1576,3
1577,19
1578,110
1579,0
1580,0
1581,13
1582,127
1583,13
1584,18
1585,3
1586,41
1587,3
1588,279
1589,1
1590,0
1591,0
1592,85
1593,17
1594,6
1595,147
1596,54
1597,2
1598,10
1599,187
1600,66
1601,4
1602,1
1603,3
1604,2
1605,19
1606,141
1607,51
1608,6
1609,103
1610,4
1611,3
1612,0
1613,2
1614,90
1615,230
1616,1
1617,83
1618,0
1619,242
1620,36
1621,0
1622,25
1623,244
1624,120
1625,220
1626,31
1627,159
1628,10
1629,2
1630,109
1631,1
1632,1
1633,3
1634,9
1635,6
1636,82
1637,1
1638,14
1639,1
1640,21
1641,8
1642,1
1643,16
1644,20
1645,4
1646,39
1647,53
1648,102
1649,173
1650,11
1651,8
1652,270
1653,0
1654,1
1655,212
1656,0
1657,7
1658,43
1659,0
1660,0
1661,202
1662,178
1663,83
1664,0
1665,7
1666,0
1667,1
1668,0
1669,3
1670,186
1671,154
1672,0
1673,20
1674,217
1675,25
1676,6
1677,0
1678,97
1679,182
1680,4
1681,1
1682,126
1683,0
1684,3
1685,5
1686,299
1687,3
1688,18
1689,105
1690,30
1691,69
1692,0
1693,0
1694,38
1695,124
1696,0
1697,5
1698,1
1699,156
1700,63
1701,2
1702,1
1703,1
1704,0
1705,27
1706,54
1707,168
1708,91
1709,166
1710,0
1711,3
1712,41
1713,2
1714,69
1715,3
1716,1
1717,3
1718,21
1719,3
1720,9
1721,11
1722,132
1723,34
1724,159
1725,11
1726,0
1727,0
1728,0
1729,201
1730,175
1731,35
1732,6
1733,0
1734,149
1735,35
1736,81
1737,20
1738,2
1739,3
1740,24
1741,8
1742,10
1743,65
1744,3
1745,27
1746,2
1747,0
1748,85
1749,0
1750,3
1751,9
1752,0
1753,48
1754,1
1755,191
1756,45
1757,0
1758,83
1759,2
1760,0
1761,13
1762,137
1763,1
1764,264
1765,251
1766,5
1767,91
1768,3
1769,0
1770,16
1771,0
1772,30
1773,213
1774,151
1775,1
1776,15
1777,4
1778,0
1779,119
1780,23
1781,11
1782,0
1783,4
1784,3
1785,16
1786,3
1787,111
1788,0
1789,1
1790,135
1791,109
1792,153
1793,1
1794,135
1795,13
1796,44
1797,9
1798,0
1799,29
1800,194
1801,0
1802,196
1803,277
1804,1
1805,220
1806,125
1807,1
1808,129
1809,7
1810,162
1811,147
1812,6
1813,92
1814,65
1815,18
1816,228
1817,16
1818,24
1819,61
1820,47
1821,67
1822,3
1823,88
1824,9
1825,41
1826,0
1827,11
1828,5
1829,29
1830,0
1831,9
1832,1
1833,2
1834,0
1835,11
1836,99
1837,9
1838,119
1839,4
1840,44
1841,238
1842,98
1843,5
1844,0
1845,40
1846,4
1847,123
1848,210
1849,0
1850,4
1851,0
1852,44
1853,1
1854,73
1855,22
1856,1
1857,193
1858,41
1859,0
1860,0
1861,21
1862,55
1863,5
1864,1
1865,0
1866,1
1867,1
1868,2
1869,63
1870,0
1871,1
1872,8
1873,18
1874,5
1875,5
1876,1
1877,0
1878,18
1879,2
1880,0
1881,263
1882,0
1883,0
1884,67
1885,0
1886,17
1887,4
1888,223
1889,69
1890,6
1891,0
1892,0
1893,83
1894,11
1895,0
1896,2
1897,191
1898,79
1899,0
1900,13
1901,67
1902,7
1903,1
1904,35
1905,0
1906,23
1907,5
1908,0
1909,2
1910,276
1911,0
1912,66
1913,130
1914,102
1915,0
1916,0
1917,1
1918,62
1919,170
1920,10
1921,9
1922,191
1923,1
1924,0
1925,11
1926,0
1927,21
1928,43
1929,19
1930,27
1931,8
1932,244
1933,4
1934,117
1935,1
1936,1
1937,17
1938,172
1939,2
1940,32
1941,115
1942,0
1943,120
1944,50
1945,1
1946,242
1947,23
1948,4
1949,3
1950,7
1951,46
1952,1
1953,179
1954,4
1955,9
1956,0
1957,1
1958,0
1959,0
1960,9
1961,118
1962,8
1963,38
1964,65
1965,90
1966,3
1967,16
1968,28
1969,80
1970,2
1971,242
1972,2
1973,4
1974,1
1975,35
1976,26
1977,14
1978,18
1979,5
1980,7
1981,15
1982,167
1983,1
1984,0
1985,1
1986,79
1987,0
1988,95
1989,0
1990,0
1991,3
1992,2
1993,11
1994,0
1995,0
1996,0
1997,10
1998,6
1999,1
2000,15
2001,152
2002,1
2003,38
2004,3
2005,0
2006,2
2007,81
2008,140
2009,27
2010,0
2011,0
2012,238
2013,3
2014,4
2015,59
2016,266
2017,0
2018,1
2019,0
2020,2
2021,22
2022,290
2023,276
2024,184
2025,10
2026,2
2027,0
2028,18
2029,17
2030,3
2031,14
2032,19
2033,277
2034,68
2035,150
2036,48
2037,0
2038,2
2039,148
2040,0
2041,120
2042,4
2043,229
2044,1
2045,1
2046,15
2047,25
2048,53
2049,3
2050,0
2051,11
2052,0
2053,1
2054,0
2055,10
2056,22
2057,0
2058,3
2059,21
2060,9
2061,211
2062,117
2063,28
2064,96
2065,57
2066,219
2067,4
2068,60
2069,126
2070,46
2071,282
2072,2
2073,34
2074,135
2075,6
2076,12
2077,4
2078,0
2079,19
2080,106
2081,4
2082,2
2083,12
2084,98
2085,70
2086,55
2087,38
2088,52
2089,0
2090,2
2091,46
2092,143
2093,37
2094,2
2095,8
2096,70
2097,221
2098,1
2099,34
2100,2
2101,77
2102,240
2103,25
2104,9
2105,0
2106,1
2107,0
2108,0
2109,1
2110,4
2111,0
2112,1
2113,22
2114,280
2115,49
2116,105
2117,27
2118,2
2119,26
2120,5
2121,123
2122,48
2123,4
2124,101
2125,171
2126,108
2127,4
2128,10
2129,1
2130,0
2131,259
2132,147
2133,10
2134,0
2135,268
2136,151
2137,140
2138,55
2139,0
2140,17
2141,254
2142,4
2143,0
2144,0
2145,137
2146,1
2147,0
2148,3
2149,17
2150,4
2151,3
2152,25
2153,7
2154,4
2155,122
2156,6
2157,7
2158,0
2159,0
2160,60
2161,72
2162,33
2163,21
2164,189
2165,31
2166,1
2167,47
2168,0
2169,8
2170,35
2171,84
2172,0
2173,0
2174,95
2175,90
2176,37
2177,259
2178,0
2179,1
2180,14
2181,4
2182,32
2183,218
2184,0
2185,79
2186,0
2187,205
2188,15
2189,16
2190,132
2191,26
2192,10
2193,42
2194,1
2195,23
2196,91
2197,4
2198,20
2199,4
2200,6
2201,2
2202,1
2203,73
2204,9
2205,16
2206,1
2207,0
2208,21
2209,0
2210,41
2211,174
2212,10
2213,135
2214,4
2215,0
2216,13
2217,206
2218,0
2219,8
2220,11
2221,76
2222,52
2223,0
2224,123
2225,6
2226,6
2227,204
2228,9
2229,48
2230,19
2231,0
2232,18
2233,47
2234,177
2235,25
2236,2
2237,1
2238,0
2239,2
2240,0
2241,1
2242,160
2243,260
2244,3
2245,0
2246,0
2247,8
2248,10
2249,4
2250,5
2251,31
2252,3
2253,213
2254,5
2255,2
2256,1
2257,1
2258,153
2259,0
2260,1
2261,8
2262,82
2263,43
2264,2
2265,150
2266,116
2267,1
2268,0
2269,1
2270,0
2271,10
2272,0
2273,1
2274,6
2275,0
2276,242
2277,0
2278,51
2279,60
2280,4
2281,54
2282,2
2283,6
2284,0
2285,13
2286,4
2287,52
2288,27
2289,75
2290,5
2291,134
2292,19
2293,14
2294,2
2295,11
2296,186
2297,143
2298,70
2299,191
2300,59
2301,13
2302,27
2303,59
2304,12
2305,229
2306,57
2307,0
2308,89
2309,1
2310,21
2311,0
2312,5
2313,89
2314,2
2315,147
2316,5
2317,5
2318,7
2319,1
2320,17
2321,1
2322,9
2323,9
2324,6
2325,3
2326,6
2327,4
2328,271
2329,59
2330,8
2331,5
2332,25
2333,111
2334,3
2335,86
2336,114
2337,1
2338,1
2339,1
2340,231
2341,0
2342,99
2343,2
2344,60
2345,20
2346,18
2347,40
2348,5
2349,2
2350,1
2351,8
2352,42
2353,54
2354,12
2355,0
2356,4
2357,181
2358,41
2359,1
2360,0
2361,46
2362,33
2363,25
2364,25
2365,62
2366,42
2367,7
2368,4
2369,60
2370,16
2371,0
2372,30
2373,1
2374,74
2375,2
2376,87
2377,152
2378,215
2379,2
2380,53
2381,15
2382,0
2383,11
2384,0
2385,4
2386,34
2387,49
2388,34
2389,2
2390,36
2391,0
2392,9
2393,28
2394,24
2395,14
2396,208
2397,8
2398,0
2399,13
2400,11
2401,54
2402,0
2403,218
2404,12
2405,2
2406,0
2407,0
2408,3
2409,67
2410,30
2411,0
2412,97
2413,2
2414,1
2415,0
2416,188
2417,176
2418,180
2419,10
2420,3
2421,2
2422,2
2423,109
2424,5
2425,12
2426,5
2427,9
2428,169
2429,242
2430,12
2431,0
2432,0
2433,5
2434,179
2435,41
2436,172
2437,100
2438,25
2439,39
2440,1
2441,14
2442,63
2443,0
2444,2
2445,6
2446,9
2447,23
2448,4
2449,0
2450,7
2451,10
2452,1
2453,0
2454,8
2455,89
2456,32
2457,0
2458,3
2459,47
2460,299
2461,103
2462,16
2463,16
2464,24
2465,6
2466,1
2467,2
2468,5
2469,56
2470,2
2471,3
2472,0
2473,265
2474,0
2475,3
2476,116
2477,41
2478,31
2479,1
2480,73
2481,15
2482,9
2483,4
2484,23
2485,1
2486,10
2487,73
2488,185
2489,0
2490,2
2491,33
2492,14
2493,1
2494,61
2495,55
2496,0
2497,54
2498,35
2499,5
2500,48
2501,108
2502,146
2503,0
2504,21
2505,4
2506,141
2507,12
2508,88
2509,167
2510,39
2511,10
2512,4
2513,2
2514,295
2515,16
2516,3
2517,0
2518,29
2519,4
2520,0
2521,126
2522,193
2523,31
2524,0
2525,59
2526,11
2527,0
2528,42
2529,182
2530,40
2531,135
2532,10
2533,1
2534,19
2535,34
2536,4
2537,6
2538,2
2539,0
2540,5
2541,180
2542,0
2543,43
2544,10
2545,22
2546,42
2547,26
2548,1
2549,15
2550,1
2551,57
2552,15
2553,7
2554,11
2555,0
2556,12
2557,1
2558,0
2559,3
2560,172
2561,0
2562,1
2563,107
2564,0
2565,205
2566,1
2567,0
2568,1
2569,12
2570,16
2571,4
2572,73
2573,237
2574,6
2575,0
2576,19
2577,4
2578,11
2579,246
2580,136
2581,10
2582,122
2583,12
2584,0
2585,2
2586,168
2587,22
2588,18
2589,1
2590,14
2591,1
2592,24
2593,1
2594,2
2595,74
2596,19
2597,6
2598,54
2599,92
2600,7
2601,62
2602,18
2603,1
2604,20
2605,23
2606,7
2607,3
2608,1
2609,8
2610,19
2611,8
2612,51
2613,271
2614,146
2615,17
2616,15
2617,1
2618,0
2619,14
2620,22
2621,42
2622,58
2623,29
2624,0
2625,86
2626,4
2627,238
2628,2
2629,180
2630,268
2631,4
2632,296
2633,187
2634,1
2635,2
2636,57
2637,97
2638,15
2639,119
2640,11
2641,63
2642,19
2643,0
2644,0
2645,0
2646,142
2647,0
2648,14
2649,290
2650,3
2651,19
2652,0
2653,136
2654,1
2655,0
2656,0
2657,81
2658,112
2659,9
2660,210
2661,0
2662,0
2663,6
2664,19
2665,2
2666,90
2667,48
2668,25
2669,71
2670,18
2671,27
2672,66
2673,234
2674,17
2675,8
2676,69
2677,36
2678,10
2679,44
2680,1
2681,2
2682,39
2683,1
2684,2
2685,62
2686,0
2687,54
2688,189
2689,43
2690,8
2691,11
2692,3
2693,0
2694,74
2695,62
2696,48
2697,39
2698,13
2699,10
2700,12
2701,2
2702,7
2703,2
2704,136
2705,102
2706,1
2707,0
2708,112
2709,65
2710,0
2711,10
2712,2
2713,0
2714,1
2715,2
2716,1
2717,0
2718,145
2719,12
2720,26
2721,0
2722,3
2723,26
2724,5
2725,30
2726,4
2727,23
2728,7
2729,79
2730,0
2731,0
2732,55
2733,39
2734,24
2735,7
2736,0
2737,71
2738,198
2739,2
2740,131
2741,87
2742,0
2743,1
2744,28
2745,39
2746,15
2747,61
2748,242
2749,13
2750,176
2751,52
2752,46
2753,7
2754,44
2755,0
2756,3
2757,17
2758,28
2759,10
2760,204
2761,34
2762,9
2763,19
2764,22
2765,45
2766,11
2767,28
2768,7
2769,33
2770,219
2771,0
2772,69
2773,19
2774,14
2775,6
2776,152
2777,0
2778,0
2779,4
2780,29
2781,0
2782,7
2783,19
2784,7
2785,208
2786,0
2787,124
2788,1
2789,17
2790,0
2791,1
2792,9
2793,103
2794,3
2795,40
2796,179
2797,14
2798,10
2799,237
2800,2
2801,0
2802,1
2803,0
2804,11
2805,173
2806,3
2807,130
2808,0
2809,156
2810,8
2811,60
2812,283
2813,7
2814,7
2815,1
2816,5
2817,209
2818,136
2819,0
2820,0
2821,16
2822,1
2823,0
2824,241
2825,5
2826,6
2827,168
2828,2
2829,1
2830,1
2831,299
2832,1
2833,142
2834,26
2835,3
2836,13
2837,214
2838,23
2839,0
2840,14
2841,1
2842,2
2843,23
2844,98
2845,5
2846,4
2847,43
2848,56
2849,0
2850,10
2851,0
2852,91
2853,0
2854,66
2855,148
2856,207
2857,291
2858,0
2859,1
2860,34
2861,1
2862,0
2863,0
2864,247
2865,1
2866,1
2867,9
2868,52
2869,3
2870,64
2871,3
2872,0
2873,0
2874,1
2875,56
2876,2
2877,12
2878,0
2879,171
2880,17
2881,1
2882,2
2883,0
2884,34
2885,5
2886,15
2887,75
2888,2
2889,138
2890,52
2891,47
2892,39
2893,1
2894,60
2895,1
2896,0
2897,25
2898,1
2899,3
2900,11
2901,245
2902,5
2903,4
2904,0
2905,0
2906,126
2907,174
2908,8
2909,6
2910,3
2911,297
2912,1
2913,34
2914,24
2915,7
2916,207
2917,122
2918,5
2919,72
2920,0
2921,171
2922,263
2923,204
2924,151
2925,1
2926,28
2927,2
2928,8
2929,3
2930,1
2931,1
2932,0
2933,101
2934,125
2935,2
2936,32
2937,84
2938,39
2939,260
2940,3
2941,0
2942,16
2943,18
2944,7
2945,0
2946,28
2947,41
2948,123
2949,16
2950,19
2951,288
2952,7
2953,62
2954,56
2955,0
2956,0
2957,2
2958,2
2959,21
2960,0
2961,1
2962,172
2963,114
2964,1
2965,1
2966,0
2967,27
2968,2
2969,0
2970,2
2971,113
2972,0
2973,5
2974,0
2975,14
2976,0
2977,2
2978,2
2979,0
2980,124
2981,122
2982,172
2983,2
2984,47
2985,1
2986,78
2987,0
2988,0
2989,60
2990,2
2991,0
2992,44
2993,182
2994,295
2995,74
2996,84
2997,2
2998,4
2999,160
3000,0
3001,4
3002,1
3003,26
3004,4
3005,20
3006,6
3007,6
3008,0
3009,20
3010,7
3011,61
3012,101
3013,83
3014,0
3015,38
3016,1
3017,3
3018,6
3019,2
3020,0
3021,3
3022,21
3023,7
3024,0
3025,40
3026,2
3027,0
3028,298
3029,2
3030,0
3031,124
3032,2
3033,177
3034,0
3035,4
3036,4
3037,290
3038,9
3039,213
3040,36
3041,152
3042,8
3043,222
3044,259
3045,278
3046,0
3047,1
3048,43
3049,4
3050,32
3051,4
3052,90
3053,88
3054,3
3055,1
3056,20
3057,6
3058,2
3059,148
3060,6
3061,5
3062,27
3063,0
3064,3
3065,29
3066,56
3067,1
3068,64
3069,169
3070,15
3071,6
3072,19
3073,223
3074,5
3075,155
3076,0
3077,17
3078,2
3079,95
3080,222
3081,185
3082,66
3083,56
3084,6
3085,106
3086,0
3087,173
3088,81
3089,46
3090,51
3091,37
3092,143
3093,22
3094,146
3095,33
3096,4
3097,19
3098,3
3099,5
3100,71
3101,0
3102,237
3103,18
3104,18
3105,90
3106,12
3107,24
3108,90
3109,1
3110,0
3111,126
3112,3
3113,6
3114,66
3115,3
3116,144
3117,1
3118,15
3119,4
3120,0
3121,0
3122,213
3123,216
3124,10
3125,164
3126,8
3127,56
3128,130
3129,225
3130,1
3131,11
3132,118
3133,64
3134,43
3135,0
3136,12
3137,90
3138,68
3139,197
3140,12
3141,73
3142,89
3143,0
3144,35
3145,177
3146,2
3147,1
3148,171
3149,235
3150,90
3151,0
3152,23
3153,112
3154,6
3155,38
3156,50
3157,1
3158,14
3159,25
3160,285
3161,5
3162,2
3163,14
3164,83
3165,0
3166,0
3167,0
3168,2
3169,0
3170,1
3171,128
3172,11
3173,292
3174,0
3175,1
3176,7
3177,68
3178,226
3179,0
3180,22
3181,8
3182,30
3183,2
3184,42
3185,0
3186,3
3187,9
3188,5
3189,0
3190,4
3191,0
3192,49
3193,12
3194,10
3195,10
3196,55
3197,1
3198,37
3199,8
3200,98
3201,27
3202,1
3203,31
3204,2
3205,2
3206,40
3207,249
3208,0
3209,8
3210,0
3211,0
3212,58
3213,1
3214,33
3215,0
3216,0
3217,7
3218,28
3219,98
3220,16
3221,28
3222,129
3223,5
3224,3
3225,87
3226,2
3227,1
3228,6
3229,0
3230,1
3231,80
3232,46
3233,183
3234,93
3235,105
3236,48
3237,20
3238,1
3239,97
3240,208
3241,10
3242,40
3243,1
3244,105
3245,46
3246,0
3247,83
3248,77
3249,26
3250,2
3251,153
3252,219
3253,1
3254,7
3255,281
3256,187
3257,83
3258,116
3259,138
3260,81
3261,5
3262,5
3263,3
3264,1
3265,120
3266,285
3267,5
3268,161
3269,1
3270,83
3271,109
3272,120
3273,2
3274,0
3275,4
3276,126
3277,0
3278,36
3279,126
3280,3
3281,9
3282,0
3283,10
3284,4
3285,5
3286,234
3287,36
3288,165
3289,0
3290,20
3291,30
3292,17
3293,31
3294,1
3295,189
3296,208
3297,115
3298,0
3299,50
3300,22
3301,69
3302,7
3303,21
3304,0
3305,79
3306,90
3307,167
3308,74
3309,0
3310,4
3311,6
3312,3
3313,4
3314,1
3315,0
3316,17
3317,8
3318,1
3319,65
3320,23
3321,0
3322,41
3323,24
3324,5
3325,179
3326,46
3327,24
3328,0
3329,215
3330,92
3331,102
3332,4
3333,83
3334,21
3335,187
3336,19
3337,1
3338,1
3339,5
3340,1
3341,31
3342,15
3343,74
3344,27
3345,1
3346,2
3347,52
3348,0
3349,0
3350,3
3351,17
3352,5
3353,45
3354,250
3355,95
3356,0
3357,1
3358,16
3359,69
3360,76
3361,0
3362,31
3363,4
3364,1
3365,33
3366,16
3367,39
3368,10
3369,23
3370,8
3371,6
3372,18
3373,192
3374,0
3375,1
3376,0
3377,0
3378,206
3379,27
3380,57
3381,64
3382,20
3383,29
3384,0
3385,36
3386,70
3387,6
3388,51
3389,9
3390,0
3391,31
3392,54
3393,0
3394,18
3395,0
3396,115
3397,82
3398,14
3399,0
3400,2
3401,5
3402,0
3403,0
3404,61
3405,23
3406,30
3407,65
3408,1
3409,1
3410,235
3411,120
3412,30
3413,7
3414,15
3415,100
3416,8
3417,3
3418,23
3419,1
3420,2
3421,24
3422,3
3423,1
3424,237
3425,295
3426,16
3427,1
3428,176
3429,18
3430,7
3431,0
3432,2
3433,183
3434,0
3435,25
3436,30
3437,6
3438,5
3439,94
3440,7
3441,78
3442,0
3443,0
3444,34
3445,12
3446,3
3447,0
3448,7
3449,100
3450,7
3451,4
3452,221
3453,0
3454,2
3455,2
3456,132
3457,1
3458,0
3459,73
3460,4
3461,35
3462,3
3463,5
3464,7
3465,0
3466,1
3467,11
3468,144
3469,2
3470,1
3471,5
3472,2
3473,0
3474,2
3475,1
3476,0
3477,0
3478,0
3479,1
3480,17
3481,264
3482,9
3483,3
3484,2
3485,68
3486,48
3487,1
3488,1
3489,4
3490,61
3491,0
3492,28
3493,1
3494,283
3495,130
3496,272
3497,63
3498,0
3499,1
3500,0
3501,4
3502,0
3503,53
3504,5
3505,89
3506,62
3507,34
3508,8
3509,1
3510,79
3511,90
3512,37
3513,0
3514,0
3515,7
3516,4
3517,157
3518,20
3519,48
3520,25
3521,0
3522,31
3523,268
3524,1
3525,0
3526,14
3527,1
3528,103
3529,75
3530,111
3531,0
3532,1
3533,279
3534,69
3535,0
3536,0
3537,0
3538,0
3539,2
3540,0
3541,5
3542,2
3543,0
3544,1
3545,24
3546,201
3547,4
3548,2
3549,51
3550,2
3551,2
3552,1
3553,9
3554,1
3555,39
3556,4
3557,15
3558,11
3559,37
3560,38
3561,31
3562,1
3563,134
3564,1
3565,68
3566,13
3567,264
3568,48
3569,7
3570,55
3571,36
3572,1
3573,63
3574,3
3575,217
3576,9
3577,235
3578,32
3579,13
3580,4
3581,9
3582,111
3583,0
3584,27
3585,8
3586,17
3587,1
3588,10
3589,23
3590,3
3591,7
3592,13
3593,140
3594,238
3595,26
3596,95
3597,2
3598,274
3599,1
3600,182
3601,0
3602,5
3603,12
3604,20
3605,8
3606,13
3607,1
3608,69
3609,0
3610,1
3611,4
3612,1
3613,228
3614,15
3615,6
3616,0
3617,10
3618,187
3619,9
3620,2
3621,2
3622,21
3623,23
3624,10
3625,19
3626,86
3627,17
3628,6
3629,7
3630,88
3631,0
3632,0
3633,5
3634,11
3635,3
3636,101
3637,28
3638,1
3639,241
3640,16
3641,280
3642,0
3643,58
3644,1
3645,3
3646,19
3647,19
3648,14
3649,5
3650,0
3651,35
3652,11
3653,177
3654,0
3655,0
3656,275
3657,173
3658,33
3659,0
3660,42
3661,237
3662,249
3663,50
3664,1
3665,0
3666,3
3667,55
3668,0
3669,1
3670,140
3671,191
3672,0
3673,62
3674,4
3675,6
3676,4
3677,47
3678,172
3679,68
3680,40
3681,54
3682,66
3683,1
3684,3
3685,247
3686,8
3687,1
3688,215
3689,2
3690,11
3691,1
3692,33
3693,0
3694,61
3695,5
3696,60
3697,3
3698,6
3699,18
3700,48
3701,166
3702,2
3703,2
3704,0
3705,15
3706,267
3707,222
3708,66
3709,135
3710,4
3711,5
3712,8
3713,92
3714,91
3715,32
3716,2
3717,26
3718,3
3719,10
3720,68
3721,231
3722,2
3723,281
3724,1
3725,18
3726,0
3727,8
3728,0
3729,21
3730,129
3731,290
3732,7
3733,11
3734,114
3735,0
3736,31
3737,78
3738,18
3739,7
3740,14
3741,44
3742,1
3743,28
3744,78
3745,12
3746,72
3747,147
3748,13
3749,0
3750,1
3751,264
3752,8
3753,3
3754,118
3755,54
3756,10
3757,0
3758,14
3759,93
3760,2
3761,14
3762,74
3763,2
3764,3
3765,35
3766,3
3767,10
3768,0
3769,42
3770,0
3771,22
3772,7
3773,10
3774,12
3775,182
3776,191
3777,0
3778,27
3779,0
3780,14
3781,12
3782,0
3783,0
3784,163
3785,182
3786,56
3787,0
3788,0
3789,4
3790,236
3791,4
3792,12
3793,1
3794,22
3795,14
3796,2
3797,26
3798,17
3799,3
3800,2
3801,22
3802,29
3803,11
3804,49
3805,128
3806,140
3807,91
3808,8
3809,0
3810,0
3811,0
3812,4
3813,14
3814,12
3815,2
3816,8
3817,0
3818,0
3819,124
3820,39
3821,147
3822,5
3823,108
3824,0
3825,30
3826,20
3827,152
3828,15
3829,91
3830,104
3831,6
3832,0
3833,1
3834,14
3835,66
3836,8
3837,0
3838,259
3839,222
3840,18
3841,36
3842,2
3843,67
3844,135
3845,14
3846,248
3847,128
3848,158
3849,118
3850,81
3851,16
3852,4
3853,0
3854,24
3855,202
3856,295
3857,0
3858,130
3859,2
3860,0
3861,24
3862,79
3863,0
3864,7
3865,3
3866,32
3867,1
3868,9
3869,0
3870,34
3871,46
3872,101
3873,184
3874,13
3875,8
3876,0
3877,45
3878,31
3879,6
3880,0
3881,0
3882,83
3883,25
3884,6
3885,297
3886,221
3887,2
3888,3
3889,15
3890,21
3891,121
3892,2
3893,11
3894,89
3895,24
3896,0
3897,15
3898,4
3899,8
3900,0
3901,31
3902,136
3903,32
3904,20
3905,32
3906,3
3907,33
3908,0
3909,11
3910,214
3911,1
3912,0
3913,0
3914,2
3915,79
3916,137
3917,5
3918,16
3919,3
3920,70
3921,1
3922,12
3923,8
3924,150
3925,102
3926,3
3927,70
3928,32
3929,5
3930,0
3931,201
3932,102
3933,0
3934,4
3935,155
3936,1
3937,4
3938,203
3939,60
3940,19
3941,0
3942,80
3943,18
3944,3
3945,0
3946,200
3947,3
3948,0
3949,7
3950,6
3951,1
3952,39
3953,0
3954,3
3955,66
3956,0
3957,146
3958,3
3959,0
3960,0
3961,0
3962,66
3963,33
3964,24
3965,132
3966,0
3967,19
3968,54
3969,128
3970,264
3971,7
3972,37
3973,182
3974,0
3975,33
3976,228
3977,1
3978,3
3979,14
3980,1
3981,29
3982,0
3983,38
3984,84
3985,0
3986,59
3987,175
3988,1
3989,0
3990,52
3991,32
3992,1
3993,27
3994,0
3995,13
3996,249
3997,1
3998,60
3999,126
4000,0
4001,2
4002,152
4003,8
4004,14
4005,151
4006,244
4007,20
4008,34
4009,11
4010,8
4011,194
4012,203
4013,91
4014,1
4015,26
4016,1
4017,18
4018,19
4019,0
4020,108
4021,188
4022,0
4023,52
4024,3
4025,13
4026,52
4027,50
4028,274
4029,1
4030,31
4031,133
4032,236
4033,1
4034,11
4035,7
4036,0
4037,11
4038,94
4039,42
4040,8
4041,40
4042,22
4043,12
4044,143
4045,10
4046,0
4047,132
4048,225
4049,0
4050,224
4051,219
4052,3
4053,30
4054,0
4055,4
4056,198
4057,163
4058,150
4059,2
4060,1
4061,68
4062,0
4063,172
4064,6
4065,6
4066,20
4067,1
4068,0
4069,5
4070,44
4071,3
4072,2
4073,4
4074,161
4075,38
4076,1
4077,18
4078,0
4079,2
4080,0
4081,97
4082,4
4083,4
4084,31
4085,0
4086,38
4087,205
4088,3
4089,56
4090,1
4091,0
4092,61
4093,5
4094,5
4095,15
4096,0
4097,94
4098,0
4099,26
4100,145
4101,214
4102,23
4103,64
4104,0
4105,0
4106,29
4107,220
4108,14
4109,81
4110,0
4111,2
4112,0
4113,4
4114,20
4115,0
4116,0
4117,3
4118,11
4119,218
4120,75
4121,1
4122,16
4123,8
4124,0
4125,126
4126,212
4127,33
4128,37
4129,12
4130,3
4131,139
4132,8
4133,0
4134,55
4135,0
4136,173
4137,114
4138,0
4139,5
4140,2
4141,5
4142,89
4143,25
4144,0
4145,197
4146,71
4147,1
4148,130
4149,0
4150,2
4151,0
4152,158
4153,257
4154,8
4155,52
4156,45
4157,14
4158,14
4159,12
4160,55
4161,7
4162,6
4163,41
4164,62
4165,30
4166,0
4167,270
4168,11
4169,4
4170,25
4171,0
4172,7
4173,108
4174,14
4175,10
4176,252
4177,0
4178,134
4179,213
4180,1
4181,6
4182,7
4183,33
4184,91
4185,161
4186,1
4187,10
4188,7
4189,2
4190,0
4191,258
4192,10
4193,65
4194,14
4195,0
4196,144
4197,2
4198,28
4199,230
4200,1
4201,56
4202,144
4203,35
4204,0
4205,2
4206,3
4207,2
4208,161
4209,1
4210,87
4211,1
4212,9
4213,0
4214,1
4215,76
4216,122
4217,25
4218,21
4219,63
4220,14
4221,101
4222,69
4223,2
4224,15
4225,83
4226,1
4227,0
4228,0
4229,277
4230,17
4231,119
4232,41
4233,1
4234,1
4235,37
4236,12
4237,20
4238,9
4239,19
4240,1
4241,44
4242,141
4243,10
4244,19
4245,1
4246,0
4247,80
4248,235
4249,117
4250,66
4251,181
4252,21
4253,1
4254,17
4255,25
4256,7
4257,7
4258,102
4259,183
4260,0
4261,110
4262,29
4263,0
4264,0
4265,0
4266,47
4267,98
4268,3
4269,52
4270,24
4271,4
4272,100
4273,19
4274,0
4275,0
4276,56
4277,3
4278,72
4279,8
4280,0
4281,39
4282,3
4283,100
4284,1
4285,9
4286,2
4287,54
4288,40
4289,237
4290,41
4291,216
4292,47
4293,40
4294,110
4295,294
4296,15
4297,5
4298,187
4299,26
4300,1
4301,131
4302,38
4303,9
4304,147
4305,201
4306,10
4307,57
4308,10
4309,57
4310,150
4311,34
4312,236
4313,0
4314,1
4315,8
4316,25
4317,35
4318,1
4319,6
4320,0
4321,183
4322,2
4323,0
4324,2
4325,27
4326,194
4327,0
4328,0
4329,25
4330,0
4331,140
4332,80
4333,2
4334,14
4335,17
4336,102
4337,7
4338,51
4339,14
4340,11
4341,102
4342,16
4343,1
4344,20
4345,54
4346,15
4347,7
4348,236
4349,19
4350,0
4351,7
4352,6
4353,16
4354,233
4355,1
4356,238
4357,8
4358,0
4359,2
4360,0
4361,16
4362,3
4363,0
4364,7
4365,182
4366,9
4367,9
4368,220
4369,37
4370,52
4371,49
4372,269
4373,18
4374,7
4375,0
4376,0
4377,30
4378,38
4379,0
4380,173
4381,0
4382,19
4383,0
4384,0
4385,72
4386,44
4387,11
4388,37
4389,34
4390,4
4391,16
4392,8
4393,19
4394,0
4395,29
4396,3
4397,14
4398,51
4399,29
4400,1
4401,2
4402,0
4403,114
4404,179
4405,3
4406,33
4407,68
4408,7
4409,1
4410,161
4411,0
4412,1
4413,127
4414,7
4415,0
4416,1
4417,3
4418,98
4419,7
4420,1
4421,25
4422,2
4423,1
4424,34
4425,3
4426,9
4427,175
4428,179
4429,11
4430,0
4431,1
4432,24
4433,4
4434,22
4435,7
4436,1
4437,22
4438,19
4439,0
4440,32
4441,104
4442,21
4443,13
4444,39
4445,0
4446,28
4447,2
4448,2
4449,10
4450,2
4451,76
4452,2
4453,1
4454,36
4455,35
4456,1
4457,25
4458,230
4459,8
4460,13
4461,25
4462,1
4463,14
4464,0
4465,3
4466,18
4467,271
4468,16
4469,3
4470,0
4471,165
4472,88
4473,6
4474,286
4475,0
4476,286
4477,156
4478,269
4479,1
4480,5
4481,89
4482,1
4483,4
4484,46
4485,2
4486,3
4487,65
4488,19
4489,1
4490,21
4491,1
4492,0
4493,0
4494,8
4495,5
4496,198
4497,7
4498,239
4499,186
4500,144
4501,47
4502,244
4503,48
4504,0
4505,22
4506,8
4507,2
4508,10
4509,17
4510,27
4511,135
4512,45
4513,0
4514,9
4515,5
4516,9
4517,5
4518,275
4519,7
4520,89
4521,0
4522,0
4523,4
4524,5
4525,258
4526,77
4527,11
4528,225
4529,28
4530,16
4531,7
4532,40
4533,14
4534,2
4535,8
4536,49
4537,256
4538,6
4539,6
4540,2
4541,0
4542,19
4543,2
4544,67
4545,15
4546,112
4547,7
4548,93
4549,2
4550,4
4551,0
4552,0
4553,3
4554,32
4555,15
4556,0
4557,40
4558,8
4559,5
4560,111
4561,1
4562,70
4563,56
4564,3
4565,1
4566,113
4567,1
4568,23
4569,2
4570,1
4571,119
4572,1
4573,2
4574,0
4575,183
4576,0
4577,6
4578,1
4579,1
4580,91
4581,34
4582,0
4583,103
4584,130
4585,11
4586,119
4587,8
4588,166
4589,9
4590,28
4591,3
4592,12
4593,22
4594,0
4595,0
4596,17
4597,40
4598,4
4599,121
4600,29
4601,31
4602,22
4603,7
4604,1
4605,68
4606,63
4607,11
4608,38
4609,15
4610,50
4611,0
4612,243
4613,22
4614,9
4615,20
4616,18
4617,3
4618,169
4619,23
4620,0
4621,0
4622,21
4623,0
4624,0
4625,20
4626,1
4627,4
4628,15
4629,0
4630,0
4631,43
4632,9
4633,4
4634,0
4635,8
4636,2
4637,1
4638,12
4639,21
4640,52
4641,8
4642,41
4643,4
4644,0
4645,170
4646,4
4647,0
4648,55
4649,245
4650,6
4651,12
4652,30
4653,12
4654,1
4655,1
4656,3
4657,178
4658,0
4659,0
4660,146
4661,140
4662,61
4663,64
4664,3
4665,199
4666,0
4667,6
4668,6
4669,0
4670,0
4671,2
4672,1
4673,38
4674,141
4675,0
4676,270
4677,1
4678,193
4679,28
4680,34
4681,190
4682,0
4683,47
4684,7
4685,58
4686,3
4687,0
4688,0
4689,66
4690,11
4691,7
4692,71
4693,2
4694,68
4695,1
4696,136
4697,57
4698,269
4699,8
4700,113
4701,9
4702,11
4703,90
4704,16
4705,5
4706,1
4707,11
4708,22
4709,189
4710,123
4711,57
4712,80
4713,16
4714,0
4715,0
4716,53
4717,10
4718,2
4719,45
4720,1
4721,5
4722,26
4723,4
4724,0
4725,266
4726,3
4727,63
4728,8
4729,0
4730,19
4731,112
4732,2
4733,292
4734,3
4735,4
4736,12
4737,68
4738,15
4739,0
4740,138
4741,13
4742,0
4743,147
4744,6
4745,0
4746,101
4747,3
4748,285
4749,12
4750,0
4751,0
4752,24
4753,0
4754,2
4755,8
4756,0
4757,52
4758,1
4759,79
4760,1
4761,13
4762,121
4763,7
4764,8
4765,66
4766,8
4767,0
4768,0
4769,9
4770,73
4771,3
4772,5
4773,8
4774,6
4775,98
4776,51
4777,20
4778,3
4779,0
4780,0
4781,129
4782,243
4783,264
4784,14
4785,227
4786,128
4787,37
4788,3
4789,29
4790,6
4791,24
4792,3
4793,6
4794,244
4795,217
4796,40
4797,47
4798,66
4799,133
4800,1
4801,20
4802,43
4803,209
4804,159
4805,23
4806,35
4807,43
4808,2
4809,15
4810,3
4811,10
4812,96
4813,3
4814,191
4815,0
4816,276
4817,2
4818,21
4819,1
4820,21
4821,0
4822,0
4823,8
4824,2
4825,4
4826,219
4827,26
4828,0
4829,169
4830,88
4831,4
4832,5
4833,17
4834,140
4835,156
4836,1
4837,18
4838,0
4839,8
4840,43
4841,1
4842,1
4843,71
4844,7
4845,26
4846,13
4847,25
4848,230
4849,104
4850,91
4851,12
4852,171
4853,0
4854,45
4855,135
4856,162
4857,0
4858,0
4859,2
4860,22
4861,217
4862,9
4863,0
4864,21
4865,2
4866,80
4867,0
4868,31
4869,1
4870,0
4871,28
4872,30
4873,141
4874,6
4875,59
4876,112
4877,29
4878,219
4879,27
4880,0
4881,201
4882,181
4883,13
4884,136
4885,19
4886,92
4887,34
4888,71
4889,39
4890,1
4891,33
4892,131
4893,4
4894,45
4895,18
4896,1
4897,2
4898,20
4899,7
4900,97
4901,68
4902,100
4903,20
4904,138
4905,34
4906,118
4907,3
4908,170
4909,36
4910,135
4911,101
4912,44
4913,34
4914,32
4915,56
4916,229
4917,3
4918,55
4919,1
4920,43
4921,14
4922,0
4923,9
4924,75
4925,87
4926,0
4927,5
4928,103
4929,71
4930,7
4931,23
4932,149
4933,4
4934,36
4935,9
4936,0
4937,211
4938,5
4939,79
4940,64
4941,6
4942,18
4943,0
4944,0
4945,14
4946,96
4947,232
4948,0
4949,2
4950,2
4951,32
4952,178
4953,40
4954,0
4955,36
4956,26
4957,1
4958,0
4959,0
4960,0
4961,32
4962,0
4963,14
4964,0
4965,17
4966,237
4967,89
4968,284
4969,119
4970,189
4971,1
4972,78
4973,18
4974,70
4975,31
4976,1
4977,33
4978,1
4979,1
4980,10
4981,34
4982,5
4983,0
4984,1
4985,5
4986,3
4987,5
4988,1
4989,6
4990,32
4991,0
4992,3
4993,0
4994,155
4995,3
4996,51
4997,78
4998,0
4999,0
